id,ts,symbol,direction,live_reason,live_pnl,live_r,bt_reason,bt_pnl,bt_r,divergence,divergence_r,divergence_dollar_raw,category,bt_peak_r,bt_bars,is_marginal_bt,raw_score,regime
97,2026-04-23T13:20:44.269069+00:00,SP500.r,SHORT,[sl 7107.58],0.39,0.0,SL,2.764777500000045,1.2500000000000202,-2.374777500000045,-1.2500000000000202,-2.374777500000045,SL_OR_TP,1.8567262018907096,2,True,6.0,volatile
102,2026-04-23T15:15:09.458378+00:00,SP500.r,LONG,[sl 7137.28],0.47,0.0,SL,-7.953660000000162,-1.0000000000000204,8.423660000000162,1.0000000000000204,8.423660000000162,SL_OR_TP,0.0,1,False,8.0,volatile
107,2026-04-23T15:49:16.291756+00:00,SP500.r,LONG,GuardianDayLoss,-1.47,0.0,SL,-7.953660000000162,-1.0000000000000204,6.483660000000162,1.0000000000000204,6.483660000000162,EXTERNAL,0.0,1,False,8.0,volatile
113,2026-04-27T09:17:21.222965+00:00,USDCAD,SHORT,[sl 1.36638],-3.16,0.0,SL,-9.528623999999608,-0.999999999999959,6.368623999999608,0.999999999999959,6.368623999999608,SL_OR_TP,0.0,1,False,9.0,volatile
114,2026-04-27T09:17:21.245979+00:00,USDCAD,SHORT,[sl 1.36638],-1.8399999999999999,0.0,SL,-9.528623999999608,-0.999999999999959,7.688623999999608,0.999999999999959,7.688623999999608,SL_OR_TP,0.0,1,False,9.0,volatile
115,2026-04-27T09:17:21.266912+00:00,USDCAD,SHORT,[sl 1.36638],-1.32,0.0,SL,-9.528623999999608,-0.999999999999959,8.208623999999608,0.999999999999959,8.208623999999608,SL_OR_TP,0.0,1,False,9.0,volatile
117,2026-04-27T10:17:56.469296+00:00,USDCAD,SHORT,[sl 1.36545],-5.6899999999999995,0.0,SL,0.4068817986826348,0.04270100265081662,-6.0968817986826345,-0.04270100265081662,-6.0968817986826345,SL_OR_TP,0.8283994514259562,7,False,9.0,volatile
118,2026-04-27T10:17:56.525370+00:00,USDCAD,SHORT,[sl 1.36545],-3.25,0.0,SL,0.4068817986826348,0.04270100265081662,-3.656881798682635,-0.04270100265081662,-3.656881798682635,SL_OR_TP,0.8283994514259562,7,False,9.0,volatile
119,2026-04-27T10:17:56.564501+00:00,USDCAD,SHORT,[sl 1.36545],-2.17,0.0,SL,0.4068817986826348,0.04270100265081662,-2.576881798682635,-0.04270100265081662,-2.576881798682635,SL_OR_TP,0.8283994514259562,7,False,9.0,volatile
120,2026-04-27T10:25:48.821196+00:00,USDCAD,SHORT,[sl 1.36496],5.6899999999999995,0.0,SL,0.4068817986826348,0.04270100265081662,5.2831182013173645,-0.04270100265081662,5.2831182013173645,SL_OR_TP,0.8283994514259562,7,False,9.0,volatile
121,2026-04-27T10:25:48.865711+00:00,USDCAD,SHORT,[sl 1.36496],3.25,0.0,SL,0.4068817986826348,0.04270100265081662,2.843118201317365,-0.04270100265081662,2.843118201317365,SL_OR_TP,0.8283994514259562,7,False,9.0,volatile
122,2026-04-27T10:26:31.244031+00:00,USDCAD,SHORT,[sl 1.36507],1.52,0.0,SL,0.4068817986826348,0.04270100265081662,1.1131182013173653,-0.04270100265081662,1.1131182013173653,SL_OR_TP,0.8283994514259562,7,False,9.0,volatile
123,2026-04-27T10:53:37.594056+00:00,USDCAD,SHORT,[tp 1.36396],11.39,0.0,SL,-4.602024000000014,-1.0000000000000033,15.992024000000015,1.0000000000000033,15.992024000000015,SL_OR_TP,0.0,1,False,8.5,volatile
124,2026-04-27T10:59:15.624100+00:00,USDCAD,SHORT,[tp 1.36358],9.77,0.0,SL,-4.602024000000014,-1.0000000000000033,14.372024000000014,1.0000000000000033,14.372024000000014,SL_OR_TP,0.0,1,False,8.5,volatile
125,2026-04-27T11:16:39.137925+00:00,USDCAD,SHORT,[sl 1.36286],10.8,0.0,PeakGiveback,-0.5536482868275725,-0.058628439389831616,11.353648286827573,0.058628439389831616,11.353648286827573,SL_OR_TP,0.5828356621702413,7,False,7.75,volatile
126,2026-04-27T11:20:30.890298+00:00,EURUSD,LONG,[sl 1.17390],-2.65,0.0,SL,-3.2921280000008553,-1.0000000000002598,0.6421280000008553,1.0000000000002598,0.6421280000008553,SL_OR_TP,0.0,1,True,5.75,volatile
127,2026-04-27T11:20:30.917225+00:00,EURUSD,LONG,[sl 1.17390],-1.5899999999999999,0.0,SL,-3.2921280000008553,-1.0000000000002598,1.7021280000008554,1.0000000000002598,1.7021280000008554,SL_OR_TP,0.0,1,True,5.75,volatile
128,2026-04-27T11:20:30.937519+00:00,EURUSD,LONG,[sl 1.17390],-0.96,0.0,SL,-3.2921280000008553,-1.0000000000002598,2.3321280000008553,1.0000000000002598,2.3321280000008553,SL_OR_TP,0.0,1,True,5.75,volatile
129,2026-04-27T11:27:18.349030+00:00,USDCAD,SHORT,[sl 1.36244],4.93,0.0,PeakGiveback,-0.5536482868275725,-0.058628439389831616,5.483648286827572,0.058628439389831616,5.483648286827572,SL_OR_TP,0.5828356621702413,7,False,7.75,volatile
130,2026-04-27T11:27:18.370740+00:00,USDCAD,SHORT,[sl 1.36244],3.24,0.0,PeakGiveback,-0.5536482868275725,-0.058628439389831616,3.7936482868275725,0.058628439389831616,3.7936482868275725,SL_OR_TP,0.5828356621702413,7,False,7.75,volatile
131,2026-04-27T11:33:45.261352+00:00,USDCAD,SHORT,[sl 1.36244],2.0,0.0,PeakGiveback,-1.1724316662250516,-0.12415434223749769,3.1724316662250516,0.12415434223749769,3.1724316662250516,SL_OR_TP,0.5173097593225753,7,False,7.75,volatile
132,2026-04-27T11:55:47.297477+00:00,USDCAD,SHORT,[sl 1.36130],3.24,0.0,PeakGiveback,-1.1724316662250516,-0.12415434223749769,4.412431666225052,0.12415434223749769,4.412431666225052,SL_OR_TP,0.5173097593225753,7,False,7.75,volatile
133,2026-04-27T11:55:47.311780+00:00,USDCAD,SHORT,[sl 1.36130],2.01,0.0,PeakGiveback,-1.1724316662250516,-0.12415434223749769,3.1824316662250514,0.12415434223749769,3.1824316662250514,SL_OR_TP,0.5173097593225753,7,False,7.75,volatile
134,2026-04-27T11:57:14.971543+00:00,USDCAD,SHORT,[sl 1.36142],0.53,0.0,PeakGiveback,-1.1724316662250516,-0.12415434223749769,1.7024316662250516,0.12415434223749769,1.7024316662250516,SL_OR_TP,0.5173097593225753,7,False,7.75,volatile
135,2026-04-27T12:07:01.386303+00:00,EURJPY,LONG,[sl 186.951],0.03,0.0,SL,-2.7972599999999104,-0.9999999999999678,2.82725999999991,0.9999999999999678,2.82725999999991,SL_OR_TP,0.4787369652277783,18,False,7.25,volatile
136,2026-04-27T12:18:17.329009+00:00,USDCAD,SHORT,[sl 1.36141],3.04,0.0,PeakGiveback,-1.2014139704391427,-0.12722341570240428,4.241413970439143,0.12722341570240428,4.241413970439143,SL_OR_TP,0.5300975654263445,6,False,7.75,volatile
137,2026-04-27T12:18:17.380715+00:00,USDCAD,SHORT,[sl 1.36141],1.8599999999999999,0.0,PeakGiveback,-1.2014139704391427,-0.12722341570240428,3.0614139704391423,0.12722341570240428,3.0614139704391423,SL_OR_TP,0.5300975654263445,6,False,7.75,volatile
138,2026-04-27T12:20:57.493766+00:00,EURUSD,LONG,[sl 1.17449],-2.7,0.0,SL,-3.2921279999989004,-0.999999999999666,0.5921279999989002,0.999999999999666,0.5921279999989002,SL_OR_TP,0.0,1,True,5.75,volatile
139,2026-04-27T12:20:57.757521+00:00,EURUSD,LONG,[sl 1.17449],-1.5899999999999999,0.0,SL,-3.2921279999989004,-0.999999999999666,1.7021279999989005,0.999999999999666,1.7021279999989005,SL_OR_TP,0.0,1,True,5.75,volatile
140,2026-04-27T12:20:57.773654+00:00,EURUSD,LONG,[sl 1.17449],-1.08,0.0,SL,-3.2921279999989004,-0.999999999999666,2.2121279999989003,0.999999999999666,2.2121279999989003,SL_OR_TP,0.0,1,True,5.75,volatile
141,2026-04-27T13:14:22.021622+00:00,EURUSD,LONG,[sl 1.17398],-2.7,0.0,SL,-3.2921279999998485,-0.999999999999954,0.5921279999998483,0.999999999999954,0.5921279999998483,SL_OR_TP,0.0,1,True,5.75,volatile
142,2026-04-27T13:14:22.039344+00:00,EURUSD,LONG,[sl 1.17398],-1.62,0.0,SL,-3.2921279999998485,-0.999999999999954,1.6721279999998484,0.999999999999954,1.6721279999998484,SL_OR_TP,0.0,1,True,5.75,volatile
143,2026-04-27T13:14:22.407953+00:00,EURUSD,LONG,[sl 1.17398],-1.08,0.0,SL,-3.2921279999998485,-0.999999999999954,2.2121279999998484,0.999999999999954,2.2121279999998484,SL_OR_TP,0.0,1,True,5.75,volatile
144,2026-04-27T13:18:01.266903+00:00,USDCAD,SHORT,[sl 1.36123],2.11,0.0,EarlyLossCut_T1-MARGINAL-SCALP,-2.8109310693652394,-0.5254363545384607,4.920931069365239,0.5254363545384607,4.920931069365239,SL_OR_TP,0.1767033652109218,5,True,6.0,volatile
145,2026-04-27T13:24:37.201692+00:00,GBPJPY,LONG,[sl 215.758],0.01,0.0,SL,-2.9062799999999713,-0.99999999999999,2.916279999999971,0.99999999999999,2.916279999999971,SL_OR_TP,0.312572797719617,3,False,7.75,ranging
146,2026-04-27T14:09:52.349233+00:00,USDCAD,SHORT,[sl 1.36083],0.6,0.0,SL,-12.598848000000219,-1.0000000000000175,13.198848000000218,1.0000000000000175,13.198848000000218,SL_OR_TP,0.474865231106106,15,False,9.25,volatile
147,2026-04-27T14:09:52.406046+00:00,USDCAD,SHORT,[sl 1.36083],0.29,0.0,SL,-12.598848000000219,-1.0000000000000175,12.888848000000218,1.0000000000000175,12.888848000000218,SL_OR_TP,0.474865231106106,15,False,9.25,volatile
148,2026-04-27T14:13:34.145555+00:00,USDCAD,SHORT,[sl 1.36149],-1.28,0.0,SL,-12.598848000000219,-1.0000000000000175,11.31884800000022,1.0000000000000175,11.31884800000022,SL_OR_TP,0.474865231106106,15,False,9.25,volatile
149,2026-04-27T14:16:08.980799+00:00,USDCAD,SHORT,[sl 1.36134],0.73,0.0,SL,-12.598848000000219,-1.0000000000000175,13.32884800000022,1.0000000000000175,13.32884800000022,SL_OR_TP,0.474865231106106,15,False,9.25,volatile
150,2026-04-27T14:21:13.473104+00:00,USDCAD,SHORT,[sl 1.36134],0.44,0.0,SL,-12.598848000000219,-1.0000000000000175,13.038848000000218,1.0000000000000175,13.038848000000218,SL_OR_TP,0.474865231106106,15,False,9.25,volatile
151,2026-04-27T14:30:03.746488+00:00,USDCAD,SHORT,[sl 1.36128],0.65,0.0,SL,-12.598848000000219,-1.0000000000000175,13.24884800000022,1.0000000000000175,13.24884800000022,SL_OR_TP,0.474865231106106,15,False,9.25,volatile
152,2026-04-27T14:54:50.062764+00:00,GER40.r,LONG,[sl 24323.23],7.44,0.0,SL,0.8230319999999675,0.14999999999999405,6.616968000000033,-0.14999999999999405,6.616968000000033,SL_OR_TP,0.37690400866206386,2,True,6.75,volatile
153,2026-04-27T15:00:27.182167+00:00,USDCAD,SHORT,[sl 1.36109],1.62,0.0,EarlyLossCut_T1-MARGINAL-SCALP,-2.318598979388738,-0.433406641893116,3.938598979388738,0.433406641893116,3.938598979388738,SL_OR_TP,0.1983386327307494,3,True,5.5,volatile
154,2026-04-27T15:00:27.204363+00:00,USDCAD,SHORT,[sl 1.36109],0.97,0.0,EarlyLossCut_T1-MARGINAL-SCALP,-2.318598979388738,-0.433406641893116,3.2885989793887376,0.433406641893116,3.2885989793887376,SL_OR_TP,0.1983386327307494,3,True,5.5,volatile
155,2026-04-27T15:23:03.863385+00:00,USDCAD,SHORT,[sl 1.36018],6.0,0.0,EarlyLossCut_T1-MARGINAL-SCALP,-2.318598979388738,-0.433406641893116,8.318598979388739,0.433406641893116,8.318598979388739,SL_OR_TP,0.1983386327307494,3,True,5.5,volatile
156,2026-04-27T15:24:58.932148+00:00,GBPJPY,LONG,[sl 215.913],0.89,0.0,SL,-2.9062800000000704,-1.0000000000000242,3.7962800000000705,1.0000000000000242,3.7962800000000705,SL_OR_TP,0.0865189913332307,15,False,7.75,ranging
157,2026-04-27T15:36:48.999717+00:00,USDCAD,SHORT,[sl 1.36033],-4.29,0.0,EarlyLossCut_T1-MARGINAL-SCALP,-2.318598979388738,-0.433406641893116,-1.9714010206112622,0.433406641893116,-1.9714010206112622,SL_OR_TP,0.1983386327307494,3,True,5.5,volatile
158,2026-04-27T15:36:49.034219+00:00,USDCAD,SHORT,[sl 1.36033],-2.34,0.0,EarlyLossCut_T1-MARGINAL-SCALP,-2.318598979388738,-0.433406641893116,-0.021401020611262034,0.433406641893116,-0.021401020611262034,SL_OR_TP,0.1983386327307494,3,True,5.5,volatile
159,2026-04-27T15:36:49.059223+00:00,USDCAD,SHORT,[sl 1.36033],-1.56,0.0,EarlyLossCut_T1-MARGINAL-SCALP,-2.318598979388738,-0.433406641893116,0.7585989793887378,0.433406641893116,0.7585989793887378,SL_OR_TP,0.1983386327307494,3,True,5.5,volatile
160,2026-04-27T16:30:14.812453+00:00,USDCAD,SHORT,[sl 1.36069],-4.2,0.0,EarlyLossCut_T1-MARGINAL-SCALP,-2.2629242863845733,-0.4229995892083406,-1.9370757136154269,0.4229995892083406,-1.9370757136154269,SL_OR_TP,0.11112701072424058,2,True,5.5,volatile
161,2026-04-27T16:30:14.830645+00:00,USDCAD,SHORT,[sl 1.36069],-2.29,0.0,EarlyLossCut_T1-MARGINAL-SCALP,-2.2629242863845733,-0.4229995892083406,-0.02707571361542671,0.4229995892083406,-0.02707571361542671,SL_OR_TP,0.11112701072424058,2,True,5.5,volatile
162,2026-04-27T16:30:14.840488+00:00,USDCAD,SHORT,[sl 1.36069],-1.56,0.0,EarlyLossCut_T1-MARGINAL-SCALP,-2.2629242863845733,-0.4229995892083406,0.7029242863845733,0.4229995892083406,0.7029242863845733,SL_OR_TP,0.11112701072424058,2,True,5.5,volatile
163,2026-04-27T16:48:57.066695+00:00,USDCAD,SHORT,[sl 1.36108],-10.32,0.0,EarlyLossCut_T1-MARGINAL-SCALP,-2.2629242863845733,-0.4229995892083406,-8.057075713615427,0.4229995892083406,-8.057075713615427,SL_OR_TP,0.11112701072424058,2,True,5.5,volatile
164,2026-04-27T16:48:57.096628+00:00,USDCAD,SHORT,[sl 1.36108],-5.95,0.0,EarlyLossCut_T1-MARGINAL-SCALP,-2.2629242863845733,-0.4229995892083406,-3.687075713615427,0.4229995892083406,-3.687075713615427,SL_OR_TP,0.11112701072424058,2,True,5.5,volatile
165,2026-04-27T16:48:57.117518+00:00,USDCAD,SHORT,[sl 1.36108],-3.9699999999999998,0.0,EarlyLossCut_T1-MARGINAL-SCALP,-2.2629242863845733,-0.4229995892083406,-1.7070757136154264,0.4229995892083406,-1.7070757136154264,SL_OR_TP,0.11112701072424058,2,True,5.5,volatile
166,2026-04-27T17:07:04.573458+00:00,USDCAD,SHORT,[sl 1.36069],4.96,0.0,EarlyLossCut_T1-MARGINAL-SCALP,-2.026976676544516,-0.37889482501559263,6.986976676544516,0.37889482501559263,6.986976676544516,SL_OR_TP,0.0,1,True,5.5,volatile
167,2026-04-27T17:14:51.285797+00:00,USDCAD,SHORT,[sl 1.36074],1.54,0.0,EarlyLossCut_T1-MARGINAL-SCALP,-2.026976676544516,-0.37889482501559263,3.566976676544516,0.37889482501559263,3.566976676544516,SL_OR_TP,0.0,1,True,5.5,volatile
168,2026-04-27T17:24:47.869780+00:00,USDCAD,SHORT,[sl 1.36041],6.06,0.0,EarlyLossCut_T1-MARGINAL-SCALP,-2.026976676544516,-0.37889482501559263,8.086976676544516,0.37889482501559263,8.086976676544516,SL_OR_TP,0.0,1,True,5.5,volatile
171,2026-04-27T17:37:59.304012+00:00,USDCAD,SHORT,[sl 1.36042],1.69,0.0,EarlyLossCut_T1-MARGINAL-SCALP,-2.026976676544516,-0.37889482501559263,3.716976676544516,0.37889482501559263,3.716976676544516,SL_OR_TP,0.0,1,True,5.5,volatile
172,2026-04-27T17:39:18.485102+00:00,USDCAD,SHORT,[sl 1.36053],0.44,0.0,EarlyLossCut_T1-MARGINAL-SCALP,-2.026976676544516,-0.37889482501559263,2.466976676544516,0.37889482501559263,2.466976676544516,SL_OR_TP,0.0,1,True,5.5,volatile
173,2026-04-27T17:39:18.588559+00:00,USDCAD,SHORT,[sl 1.36053],0.29,0.0,EarlyLossCut_T1-MARGINAL-SCALP,-2.026976676544516,-0.37889482501559263,2.316976676544516,0.37889482501559263,2.316976676544516,SL_OR_TP,0.0,1,True,5.5,volatile
174,2026-04-27T17:51:19.057783+00:00,GER40.r,LONG,GuardianStaleLoser,-18.97,0.0,SL,0.6172739999999987,0.1499999999999997,-19.587273999999997,-0.1499999999999997,-19.587273999999997,GUARDIAN_STALE,0.4287894143825539,5,True,5.5,volatile
175,2026-04-27T17:53:10.061678+00:00,USDCAD,SHORT,[sl 1.36094],-4.11,0.0,EarlyLossCut_T1-MARGINAL-SCALP,-2.026976676544516,-0.37889482501559263,-2.0830233234554845,0.37889482501559263,-2.0830233234554845,SL_OR_TP,0.0,1,True,5.5,volatile
176,2026-04-27T17:53:10.075959+00:00,USDCAD,SHORT,[sl 1.36094],-2.4699999999999998,0.0,EarlyLossCut_T1-MARGINAL-SCALP,-2.026976676544516,-0.37889482501559263,-0.4430233234554839,0.37889482501559263,-0.4430233234554839,SL_OR_TP,0.0,1,True,5.5,volatile
177,2026-04-27T17:53:10.084219+00:00,USDCAD,SHORT,[sl 1.36094],-1.65,0.0,EarlyLossCut_T1-MARGINAL-SCALP,-2.026976676544516,-0.37889482501559263,0.37697667654451594,0.37889482501559263,0.37697667654451594,SL_OR_TP,0.0,1,True,5.5,volatile
178,2026-04-27T18:12:57.703542+00:00,GER40.r,SHORT,[sl 24068.00],2.04,0.0,SL,0.617273999999999,0.14999999999999977,1.422726000000001,-0.14999999999999977,1.422726000000001,SL_OR_TP,0.4229059726121865,14,True,5.5,volatile
179,2026-04-27T18:13:27.334303+00:00,JPN225ft,LONG,DailyKillSwitch,-4.64,0.0,SL,-5.486879999999978,-0.9999999999999959,0.8468799999999783,0.9999999999999959,0.8468799999999783,EXTERNAL,0.0,1,False,7.0,volatile
180,2026-04-27T18:13:27.343732+00:00,GER40.r,SHORT,DailyKillSwitch,-0.88,0.0,SL,0.617273999999999,0.14999999999999977,-1.497273999999999,-0.14999999999999977,-1.497273999999999,EXTERNAL,0.4229059726121865,14,True,5.5,volatile
181,2026-04-27T18:13:27.350483+00:00,GBPJPY,LONG,DailyKillSwitch,-0.65,0.0,SL,-2.9062800000000872,-1.00000000000003,2.2562800000000873,1.00000000000003,2.2562800000000873,EXTERNAL,0.08354617723659985,12,False,7.75,ranging
182,2026-04-27T18:27:11.914009+00:00,ETHUSD,SHORT,[sl 2273.63],8.44,0.0,SL,5.143949999999974,1.2499999999999938,3.296050000000026,-1.2499999999999938,3.296050000000026,SL_OR_TP,1.5981008536343957,2,True,5.5,volatile
183,2026-04-27T19:14:27.533414+00:00,GBPJPY,LONG,[sl 215.889],4.75,0.0,SL,-2.90628000000009,-1.0000000000000309,7.6562800000000895,1.0000000000000309,7.6562800000000895,SL_OR_TP,0.0,11,False,7.75,ranging
185,2026-04-27T19:47:01.958503+00:00,EURJPY,LONG,[sl 186.946],0.2,0.0,SL,-2.7972599999999495,-0.9999999999999817,2.9972599999999496,0.9999999999999817,2.9972599999999496,SL_OR_TP,0.0,11,False,7.25,volatile
186,2026-04-27T20:23:32.221923+00:00,SP500.r,LONG,[sl 7176.10],0.01,0.0,SL,6.319953628191871e-05,1.217999080363836e-05,0.009936800463718082,-1.217999080363836e-05,0.009936800463718082,SL_OR_TP,0.3227697556437221,2,False,7.75,ranging
187,2026-04-28T03:26:33.018428+00:00,SP500.r,LONG,[sl 7194.84],1.23,0.0,SL,8.561519999999694,1.6499999999999413,-7.331519999999694,-1.6499999999999413,-7.331519999999694,SL_OR_TP,2.1808215376746256,2,False,7.75,volatile
188,2026-04-28T04:57:48.238593+00:00,SP500.r,LONG,[sl 7188.69],0.62,0.0,SL,3.891599999999958,0.749999999999992,-3.271599999999958,-0.749999999999992,-3.271599999999958,SL_OR_TP,1.1059411873217342,2,False,7.75,volatile
189,2026-04-28T04:58:23.451831+00:00,JPN225ft,LONG,[sl 60298.40],0.02,0.0,SL,-9.534420000000054,-1.0000000000000058,9.554420000000054,1.0000000000000058,9.554420000000054,SL_OR_TP,0.07746775390895987,9,False,7.75,ranging
190,2026-04-28T04:58:23.462559+00:00,JPN225ft,LONG,[sl 60298.40],-0.03,0.0,SL,-9.534420000000054,-1.0000000000000058,9.504420000000055,1.0000000000000058,9.504420000000055,SL_OR_TP,0.07746775390895987,9,False,7.75,ranging
191,2026-04-28T05:30:09.971726+00:00,JPN225ft,LONG,[sl 60282.38],-0.09,0.0,SL,-9.534419999999947,-0.9999999999999946,9.444419999999948,0.9999999999999946,9.444419999999948,SL_OR_TP,0.0,8,False,7.75,ranging
192,2026-04-28T10:36:29.628216+00:00,ETHUSD,SHORT,[sl 2283.10],0.44,0.0,SL,1.6049123999999488,0.29999999999999044,-1.1649123999999489,-0.29999999999999044,-1.1649123999999489,SL_OR_TP,0.5557291521389034,3,True,5.75,volatile
193,2026-04-28T10:36:29.654163+00:00,ETHUSD,SHORT,[sl 2283.10],0.26,0.0,SL,1.6049123999999488,0.29999999999999044,-1.3449123999999488,-0.29999999999999044,-1.3449123999999488,SL_OR_TP,0.5557291521389034,3,True,5.75,volatile
195,2026-04-28T11:09:33.916570+00:00,XAGUSD,SHORT,[sl 73.141],7.65,0.0,SL,-5.590336499999906,-0.9999999999999832,13.240336499999906,0.9999999999999832,13.240336499999906,SL_OR_TP,0.0,1,True,5.75,volatile
196,2026-04-28T11:16:17.894464+00:00,GER40.r,SHORT,[sl 24064.63],4.01,0.0,SL,2.129974511656287e-06,5.668866403863092e-07,4.009997870025488,-5.668866403863092e-07,4.009997870025488,SL_OR_TP,0.26898770787279314,2,True,6.0,volatile
197,2026-04-28T12:09:38.626498+00:00,XAGUSD,SHORT,[sl 73.449],0.1,0.0,SL,-5.590336499999722,-0.9999999999999503,5.690336499999722,0.9999999999999503,5.690336499999722,SL_OR_TP,0.0,1,True,5.75,volatile
198,2026-04-28T13:18:42.506217+00:00,GBPUSD,SHORT,[sl 1.34897],0.22,0.0,SL,-8.552249999998555,-0.9999999999998309,8.772249999998555,0.9999999999998309,8.772249999998555,SL_OR_TP,0.0,1,False,8.75,volatile
199,2026-04-28T13:46:35.557151+00:00,GBPUSD,SHORT,[sl 1.34886],2.4699999999999998,0.0,SL,-8.552249999998555,-0.9999999999998309,11.022249999998554,0.9999999999998309,11.022249999998554,SL_OR_TP,0.0,1,False,8.75,volatile
201,2026-04-28T14:01:09.904962+00:00,GBPUSD,SHORT,[sl 1.34886],0.91,0.0,SL,-8.55225000000055,-1.0000000000000642,9.46225000000055,1.0000000000000642,9.46225000000055,SL_OR_TP,0.0,1,False,8.75,volatile
202,2026-04-28T14:19:22.206486+00:00,ETHUSD,SHORT,[sl 2278.67],0.35,0.0,SL,2.6748540000000345,0.5000000000000064,-2.3248540000000344,-0.5000000000000064,-2.3248540000000344,SL_OR_TP,0.9186861007025005,2,True,5.75,volatile
203,2026-04-28T14:22:55.575970+00:00,XAGUSD,SHORT,[sl 72.811],6.0,0.0,SL,-5.590336499999842,-0.9999999999999717,11.590336499999843,0.9999999999999717,11.590336499999843,SL_OR_TP,0.0,1,True,5.75,volatile
204,2026-04-28T14:51:01.586701+00:00,GER40.r,LONG,[sl 23957.16],1.26,0.0,SL,2.7800718749999644,0.44999999999999424,-1.5200718749999644,-0.44999999999999424,-1.5200718749999644,SL_OR_TP,0.7131567142878713,2,False,11.0,volatile
205,2026-04-28T15:05:37.079176+00:00,GBPUSD,SHORT,[sl 1.34664],0.99,0.0,SL,-8.552249999999642,-0.9999999999999581,9.542249999999642,0.9999999999999581,9.542249999999642,SL_OR_TP,0.0,1,False,8.75,volatile
206,2026-04-28T15:05:37.179209+00:00,GBPUSD,SHORT,[sl 1.34664],0.7,0.0,SL,-8.552249999999642,-0.9999999999999581,9.252249999999641,0.9999999999999581,9.252249999999641,SL_OR_TP,0.0,1,False,8.75,volatile
207,2026-04-28T15:20:36.315576+00:00,GBPUSD,SHORT,[sl 1.34760],-2.55,0.0,SL,-8.552249999999642,-0.9999999999999581,6.002249999999642,0.9999999999999581,6.002249999999642,SL_OR_TP,0.0,1,False,8.75,volatile
209,2026-04-28T16:12:01.796809+00:00,ETHUSD,SHORT,[sl 2270.59],-15.18,0.0,SL,0.8791334999999758,0.29999999999999183,-16.059133499999977,-0.29999999999999183,-16.059133499999977,SL_OR_TP,0.6309872553066485,2,True,5.5,volatile
210,2026-04-28T16:26:56.229551+00:00,XAGUSD,SHORT,[sl 72.513],0.1,0.0,SL,17.889076799999945,3.19999999999999,-17.789076799999943,-3.19999999999999,-17.789076799999943,SL_OR_TP,4.015847860750219,2,True,5.75,volatile
211,2026-04-28T18:04:29.442139+00:00,SP500.r,SHORT,[sl 7129.28],1.23,0.0,SL,4.696650000000064,1.250000000000017,-3.466650000000064,-1.250000000000017,-3.466650000000064,SL_OR_TP,1.6722867658064549,2,True,6.5,volatile
213,2026-04-28T18:36:43.706044+00:00,EURJPY,LONG,[sl 186.809],0.46,0.0,SL,0.35224875000001976,0.1500000000000084,0.10775124999998026,-0.1500000000000084,0.10775124999998026,SL_OR_TP,0.4093176555723355,6,True,6.5,ranging
214,2026-04-28T19:42:09.165982+00:00,EURUSD,LONG,[sl 1.17077],0.14,0.0,SL,4.10956874999946,1.7499999999997702,-3.96956874999946,-1.7499999999997702,-3.96956874999946,SL_OR_TP,2.4415526913663177,2,True,5.5,volatile
215,2026-04-28T19:42:09.765991+00:00,EURUSD,LONG,[sl 1.17077],0.06,0.0,SL,4.10956874999946,1.7499999999997702,-4.049568749999461,-1.7499999999997702,-4.049568749999461,SL_OR_TP,2.4415526913663177,2,True,5.5,volatile
216,2026-04-28T19:47:29.759701+00:00,EURUSD,LONG,[sl 1.17084],0.14,0.0,SL,4.10956874999946,1.7499999999997702,-3.96956874999946,-1.7499999999997702,-3.96956874999946,SL_OR_TP,2.4415526913663177,2,True,5.5,volatile
217,2026-04-28T21:21:29.480337+00:00,JPN225ft,SHORT,[sl 59176.14],1.15,0.0,SL,6.089768999999953,0.6999999999999947,-4.939768999999954,-0.6999999999999947,-4.939768999999954,SL_OR_TP,1.0939405506149806,3,False,9.0,volatile
218,2026-04-29T04:11:07.496172+00:00,JPN225ft,LONG,[sl 59254.95],-1.92,-0.4049423776775291,SL,1.42242460100996,0.2999999999999916,-3.34242460100996,-0.7049423776775208,-3.34242460100996,SL_OR_TP,0.5020486620866054,2,True,5.5,volatile
219,2026-04-29T04:11:07.801710+00:00,JPN225ft,LONG,[sl 59254.95],-1.28,-0.2699615851183527,SL,1.4224246010099604,0.2999999999999916,-2.7024246010099606,-0.5699615851183444,-2.7024246010099606,SL_OR_TP,0.5020486620866054,2,True,5.5,volatile
220,2026-04-29T04:11:07.828450+00:00,JPN225ft,LONG,[sl 59254.95],-0.61,-0.12865356790796498,SL,1.42242460100996,0.2999999999999916,-2.03242460100996,-0.4286535679079566,-2.03242460100996,SL_OR_TP,0.5020486620866054,2,True,5.5,volatile
221,2026-04-29T05:35:13.362953+00:00,JPN225ft,LONG,[sl 59406.00],0.24,0.05065126263177352,SL,2.3691413355750357,0.5000000000000075,-2.129141335575036,-0.44934873736823405,-2.129141335575036,SL_OR_TP,0.9054622430919731,3,True,5.5,volatile
222,2026-04-29T05:35:44.878950+00:00,JPN225ft,LONG,[sl 59396.28],0.55,0.11607139988860289,SL,2.3692313547000357,0.5000000000000075,-1.8192313547000356,-0.38392860011140467,-1.8192313547000356,SL_OR_TP,0.9054622430919731,3,True,5.5,volatile
223,2026-04-29T05:35:44.951797+00:00,JPN225ft,LONG,[sl 59396.28],0.36,0.07597400719981279,SL,2.3692313547000357,0.5000000000000075,-2.0092313547000358,-0.42402599280019476,-2.0092313547000358,SL_OR_TP,0.9054622430919731,3,True,5.5,volatile
225,2026-04-29T07:32:30.313110+00:00,ETHUSD,SHORT,[sl 2319.03],-2.26,-0.8691939956386459,SL,9.419445898381826e-06,3.622710538547148e-06,-2.260009419445898,-0.8691976183491844,-2.260009419445898,SL_OR_TP,0.28891116486474644,2,True,6.0,volatile
226,2026-04-29T07:32:30.437850+00:00,ETHUSD,SHORT,[sl 2319.03],-1.3599999999999999,-0.5230547938356453,SL,9.419445898381826e-06,3.622710538547148e-06,-1.3600094194458983,-0.5230584165461839,-1.3600094194458983,SL_OR_TP,0.28891116486474644,2,True,6.0,volatile
227,2026-04-29T07:32:30.447273+00:00,ETHUSD,SHORT,[sl 2319.03],-0.9,-0.3461392018030006,SL,9.419445898381826e-06,3.622710538547148e-06,-0.9000094194458984,-0.34614282451353917,-0.9000094194458984,SL_OR_TP,0.28891116486474644,2,True,6.0,volatile
228,2026-04-29T09:00:18.031871+00:00,GBPUSD,SHORT,[sl 1.35067],-6.65,-0.7834840582727989,SL,-8.487728537399182,-0.9999999999999035,1.8377285373991814,0.21651594172710464,1.8377285373991814,SL_OR_TP,0.0,1,True,5.75,ranging
229,2026-04-29T09:00:18.046809+00:00,GBPUSD,SHORT,[sl 1.35067],-4.2,-0.494832036803873,SL,-8.487728537399182,-0.9999999999999035,4.287728537399182,0.5051679631960305,4.287728537399182,SL_OR_TP,0.0,1,True,5.75,ranging
230,2026-04-29T09:00:18.112950+00:00,GBPUSD,SHORT,[sl 1.35067],-2.8,-0.32993612719332793,SL,-8.486491078799181,-0.9999999999999035,5.686491078799182,0.6700638728065755,5.686491078799182,SL_OR_TP,0.0,1,True,5.75,ranging
231,2026-04-29T09:09:04.580727+00:00,USDJPY,LONG,[sl 159.704],-4.64,-0.5698744878374477,SL,4.071071875499602,0.4999999999999511,-8.711071875499602,-1.0698744878373987,-8.711071875499602,SL_OR_TP,0.9261317301278031,4,True,5.75,volatile
232,2026-04-29T09:11:22.678617+00:00,GBPUSD,SHORT,[tp 1.35025],14.35,1.6955355307598703,SL,-8.463402706499183,-0.9999999999999035,22.813402706499183,2.695535530759774,22.813402706499183,SL_OR_TP,0.0,1,True,5.75,ranging
233,2026-04-29T09:12:23.551673+00:00,GBPUSD,SHORT,[tp 1.35005],12.81,1.5150563115869105,SL,-8.455131272699184,-0.9999999999999035,21.265131272699186,2.515056311586814,21.265131272699186,SL_OR_TP,0.0,1,True,5.75,ranging
234,2026-04-29T09:36:50.174649+00:00,USDJPY,LONG,[sl 159.695],-3.91,-0.4812891351197585,SL,4.062007340999603,0.4999999999999511,-7.972007340999603,-0.9812891351197096,-7.972007340999603,SL_OR_TP,0.9261317301278031,4,True,5.75,volatile
235,2026-04-29T09:36:50.194357+00:00,USDJPY,LONG,[sl 159.695],-2.09,-0.2572619673658044,SL,4.062007340999603,0.4999999999999511,-6.152007340999603,-0.7572619673657555,-6.152007340999603,SL_OR_TP,0.9261317301278031,4,True,5.75,volatile
236,2026-04-29T09:36:50.601694+00:00,USDJPY,LONG,[sl 159.695],-1.5,-0.18463777562139072,SL,4.062007340999603,0.4999999999999511,-5.562007340999603,-0.6846377756213418,-5.562007340999603,SL_OR_TP,0.9261317301278031,4,True,5.75,volatile
237,2026-04-29T09:39:15.319257+00:00,GBPUSD,SHORT,[sl 1.35007],8.26,0.9774900371833812,SL,-8.450214002999186,-0.9999999999999035,16.710214002999187,1.9774900371832849,16.710214002999187,SL_OR_TP,0.0,1,True,5.75,ranging
238,2026-04-29T09:39:40.217098+00:00,GBPUSD,SHORT,[sl 1.35023],-6.3,-0.7453910049777979,SL,-8.451939932099185,-0.9999999999999035,2.151939932099185,0.25460899502210566,2.151939932099185,SL_OR_TP,0.0,1,True,5.75,ranging
239,2026-04-29T09:39:40.324036+00:00,GBPUSD,SHORT,[sl 1.35023],-3.7800000000000002,-0.4472346029866788,SL,-8.451939932099185,-0.9999999999999035,4.671939932099185,0.5527653970132247,4.671939932099185,SL_OR_TP,0.0,1,True,5.75,ranging
240,2026-04-29T09:39:40.378203+00:00,GBPUSD,SHORT,[sl 1.35023],-2.52,-0.29815640199111915,SL,-8.451939932099185,-0.9999999999999035,5.931939932099185,0.7018435980087844,5.931939932099185,SL_OR_TP,0.0,1,True,5.75,ranging
241,2026-04-29T10:00:14.822776+00:00,GBPUSD,SHORT,[sl 1.35018],-10.8,-1.2714447340022441,SL,-8.494274042098981,-0.9999999999998802,-2.3057259579010196,-0.2714447340023639,-2.3057259579010196,SL_OR_TP,0.0,1,True,5.75,volatile
242,2026-04-29T10:00:14.882424+00:00,GBPUSD,SHORT,[sl 1.35018],-6.72,-0.7911211678236185,SL,-8.494274042098981,-0.9999999999998802,1.7742740420989813,0.2088788321762617,1.7742740420989813,SL_OR_TP,0.0,1,True,5.75,volatile
243,2026-04-29T10:00:14.918140+00:00,GBPUSD,SHORT,[sl 1.35018],-4.2,-0.49445072988976163,SL,-8.494274042098981,-0.9999999999998802,4.294274042098981,0.5055492701101185,4.294274042098981,SL_OR_TP,0.0,1,True,5.75,volatile
244,2026-04-29T10:05:02.615891+00:00,USDJPY,LONG,[sl 159.625],-3.66,-0.4487175804922672,SL,4.078289060999553,0.4999999999999452,-7.738289060999553,-0.9487175804922123,-7.738289060999553,SL_OR_TP,0.9394906246243844,3,True,5.75,volatile
245,2026-04-29T10:05:02.636508+00:00,USDJPY,LONG,[sl 159.625],-2.2,-0.26972095002267427,SL,4.078289060999553,0.4999999999999452,-6.278289060999553,-0.7697209500226194,-6.278289060999553,SL_OR_TP,0.9394906246243844,3,True,5.75,volatile
246,2026-04-29T10:05:02.672303+00:00,USDJPY,LONG,[sl 159.625],-1.5,-0.18390064774273246,SL,4.078289060999553,0.4999999999999452,-5.578289060999553,-0.6839006477426777,-5.578289060999553,SL_OR_TP,0.9394906246243844,3,True,5.75,volatile
247,2026-04-29T12:02:05.650748+00:00,GBPUSD,SHORT,[sl 1.35007],-4.2,-0.5007765998440488,SL,-8.386973355599306,-0.9999999999999173,4.186973355599306,0.4992234001558685,4.186973355599306,SL_OR_TP,0.0,1,True,5.75,volatile
248,2026-04-29T12:02:05.660974+00:00,GBPUSD,SHORT,[sl 1.35007],-2.52,-0.3004659599064292,SL,-8.386973355599306,-0.9999999999999173,5.866973355599306,0.6995340400934881,5.866973355599306,SL_OR_TP,0.0,1,True,5.75,volatile
249,2026-04-29T12:02:06.174783+00:00,GBPUSD,SHORT,[sl 1.35007],-1.6800000000000002,-0.20031063993761952,SL,-8.386973355599306,-0.9999999999999173,6.706973355599306,0.7996893600622977,6.706973355599306,SL_OR_TP,0.0,1,True,5.75,volatile
250,2026-04-29T12:18:23.213780+00:00,XAUUSD,SHORT,[sl 4578.16],-5.48,-0.8446634570472593,SL,-6.487791030000098,-1.0000000000000149,1.0077910300000976,0.15533654295275556,1.0077910300000976,SL_OR_TP,0.0,1,True,5.0,volatile
252,2026-04-29T14:48:45.489176+00:00,JPN225ft,LONG,[sl 59259.91],-1.56,-0.47356423465714,SL,2.5694507966400244,0.7800000000000076,-4.1294507966400245,-1.2535642346571476,-4.1294507966400245,SL_OR_TP,1.4304810016208593,2,True,6.5,volatile
253,2026-04-29T14:48:45.510205+00:00,JPN225ft,LONG,[sl 59259.91],-0.78,-0.23678211732857,SL,2.5694507966400244,0.7800000000000076,-3.349450796640024,-1.0167821173285776,-3.349450796640024,SL_OR_TP,1.4304810016208593,2,True,6.5,volatile
254,2026-04-29T14:48:45.527896+00:00,JPN225ft,LONG,[sl 59259.91],-0.39,-0.118391058664285,SL,2.5694507966400244,0.7800000000000076,-2.9594507966400245,-0.8983910586642926,-2.9594507966400245,SL_OR_TP,1.4304810016208593,2,True,6.5,volatile
255,2026-04-29T14:49:06.594353+00:00,EURJPY,LONG,[sl 187.002],-3.81,-0.654807739241265,PeakGiveback,1.8635628743847017,0.32028225530440946,-5.673562874384702,-0.9750899945456745,-5.673562874384702,SL_OR_TP,0.8573211884409883,5,False,9.25,ranging
256,2026-04-29T14:49:06.612587+00:00,EURJPY,LONG,[sl 187.002],-2.6,-0.4468504257289473,PeakGiveback,1.8635628743847017,0.32028225530440946,-4.463562874384702,-0.7671326810333567,-4.463562874384702,SL_OR_TP,0.8573211884409883,5,False,9.25,ranging
257,2026-04-29T14:49:06.629149+00:00,EURJPY,LONG,[sl 187.002],-1.5,-0.2577983225359311,PeakGiveback,1.8635628743847017,0.32028225530440946,-3.3635628743847015,-0.5780805778403406,-3.3635628743847015,SL_OR_TP,0.8573211884409883,5,False,9.25,ranging
258,2026-04-29T14:51:39.058529+00:00,EURJPY,LONG,[sl 186.991],-1.95,-0.33464026687994974,PeakGiveback,1.8663336712782752,0.32028225530440946,-3.816333671278275,-0.6549225221843592,-3.816333671278275,SL_OR_TP,0.8573211884409883,5,False,9.25,ranging
259,2026-04-29T14:51:39.128837+00:00,EURJPY,LONG,[sl 186.991],-1.09,-0.18705532866622834,PeakGiveback,1.8663336712782752,0.32028225530440946,-2.9563336712782755,-0.5073375839706378,-2.9563336712782755,SL_OR_TP,0.8573211884409883,5,False,9.25,ranging
260,2026-04-29T14:51:39.169693+00:00,EURJPY,LONG,[sl 186.991],-0.81,-0.13900441855013299,PeakGiveback,1.8663336712782752,0.32028225530440946,-2.6763336712782753,-0.45928667385454247,-2.6763336712782753,SL_OR_TP,0.8573211884409883,5,False,9.25,ranging
261,2026-04-29T14:56:23.736567+00:00,JPN225ft,LONG,[sl 59298.52],-0.03,-0.009119660112748146,SL,1.465354800000014,0.7800000000000076,-1.495354800000014,-0.7891196601127557,-1.495354800000014,SL_OR_TP,1.4304810016208593,2,True,6.5,volatile
262,2026-04-29T14:56:23.828639+00:00,JPN225ft,LONG,[sl 59298.52],0.02,0.0060797734084987645,SL,1.465354800000014,0.7800000000000076,-1.445354800000014,-0.7739202265915088,-1.445354800000014,SL_OR_TP,1.4304810016208593,2,True,6.5,volatile
263,2026-04-29T15:06:38.087617+00:00,XAUUSD,SHORT,[sl 4566.91],-11.58,-1.7459286925152846,SL,31.173094430099574,4.699999999999935,-42.75309443009957,-6.44592869251522,-42.75309443009957,SL_OR_TP,14.388985804526554,3,True,5.0,volatile
264,2026-04-29T15:14:30.929177+00:00,JPN225ft,LONG,[sl 59310.95],0.09,0.027084990429161113,SL,0.9393300000000147,0.5000000000000079,-0.8493300000000147,-0.47291500957084676,-0.8493300000000147,SL_OR_TP,0.962318872550746,2,True,6.5,volatile
266,2026-04-29T15:27:51.605882+00:00,XAUUSD,SHORT,[sl 4564.53],3.39,0.5073474939586249,SL,31.40451108899958,4.699999999999935,-28.01451108899958,-4.192652506041311,-28.01451108899958,SL_OR_TP,14.388985804526554,3,True,5.0,volatile
267,2026-04-29T15:39:07.707763+00:00,USDJPY,LONG,[tp 159.926],12.01,0.9239327864749495,SL,18.304016395765174,1.4081332949394239,-6.2940163957651745,-0.4842005084644744,-6.2940163957651745,SL_OR_TP,2.108133294939445,4,False,10.25,volatile
268,2026-04-29T15:53:13.830434+00:00,USDJPY,LONG,[tp 159.966],10.59,0.8139220526905363,SL,18.321326402343203,1.4081332949394239,-7.731326402343203,-0.5942112422488876,-7.731326402343203,SL_OR_TP,2.108133294939445,4,False,10.25,volatile
269,2026-04-29T16:20:01.690619+00:00,EURUSD,SHORT,[tp 1.16940],2.87,0.5189459522195474,SL,-5.530441055999559,-0.99999999999992,8.40044105599956,1.5189459522194673,8.40044105599956,SL_OR_TP,0.0,1,False,7.0,volatile
270,2026-04-29T16:22:58.565051+00:00,EURUSD,SHORT,[tp 1.16919],2.48,0.44847286740725456,SL,-5.529877457999558,-0.99999999999992,8.009877457999558,1.4484728674071745,8.009877457999558,SL_OR_TP,0.0,1,False,7.0,volatile
271,2026-04-29T16:37:15.134253+00:00,EURUSD,SHORT,[sl 1.16862],3.57,0.6430860285232712,SL,-5.551356803999556,-0.99999999999992,9.121356803999555,1.6430860285231912,9.121356803999555,SL_OR_TP,0.0,1,False,7.0,volatile
273,2026-04-29T16:45:30.609611+00:00,ETHUSD,LONG,[sl 2292.71],-1.1,-0.4141332379571937,SL,-2.6561499999999896,-0.999999999999996,1.5561499999999895,0.5858667620428023,1.5561499999999895,SL_OR_TP,0.0,1,True,6.0,volatile
274,2026-04-29T16:45:30.627143+00:00,ETHUSD,LONG,[sl 2292.71],-0.74,-0.27859872371665756,SL,-2.6561499999999896,-0.999999999999996,1.9161499999999896,0.7214012762833384,1.9161499999999896,SL_OR_TP,0.0,1,True,6.0,volatile
275,2026-04-29T16:45:30.638435+00:00,ETHUSD,LONG,[sl 2292.71],-0.37,-0.13929936185832878,SL,-2.6561499999999896,-0.999999999999996,2.2861499999999895,0.8607006381416672,2.2861499999999895,SL_OR_TP,0.0,1,True,6.0,volatile
276,2026-04-29T16:58:55.769248+00:00,EURUSD,SHORT,[sl 1.16884],-1.6800000000000002,-0.3024399402669021,SL,-5.554821887999555,-0.99999999999992,3.874821887999555,0.6975600597330178,3.874821887999555,SL_OR_TP,0.0,1,False,7.0,volatile
277,2026-04-29T16:58:55.790124+00:00,EURUSD,SHORT,[sl 1.16884],-0.88,-0.15842092109218678,SL,-5.554821887999555,-0.99999999999992,4.674821887999555,0.8415790789077332,4.674821887999555,SL_OR_TP,0.0,1,False,7.0,volatile
278,2026-04-29T16:58:55.804857+00:00,EURUSD,SHORT,[sl 1.16884],-0.75,-0.13501783047629554,SL,-5.554821887999556,-0.99999999999992,4.804821887999556,0.8649821695236244,4.804821887999556,SL_OR_TP,0.0,1,False,7.0,volatile
279,2026-04-29T17:00:20.474817+00:00,EURJPY,LONG,[sl 187.148],0.56,0.13530090445483514,SL,0.6208384218748658,0.1499999999999676,-0.06083842187486577,-0.014699095545132462,-0.06083842187486577,SL_OR_TP,0.45025755177759613,2,True,6.25,volatile
280,2026-04-29T17:00:20.624859+00:00,EURJPY,LONG,[sl 187.148],0.34,0.08214697770472135,SL,0.6208384218748658,0.1499999999999676,-0.2808384218748658,-0.06785302229524626,-0.2808384218748658,SL_OR_TP,0.45025755177759613,2,True,6.25,volatile
281,2026-04-29T17:00:20.636905+00:00,EURJPY,LONG,[sl 187.148],0.22,0.05315392675011381,SL,0.6208384218748658,0.1499999999999676,-0.40083842187486585,-0.0968460732498538,-0.40083842187486585,SL_OR_TP,0.45025755177759613,2,True,6.25,volatile
282,2026-04-29T17:06:23.829393+00:00,XAGUSD,SHORT,[sl 71.766],14.15,1.0601890687988529,SL,-13.346675999999933,-0.9999999999999948,27.496675999999933,2.0601890687988478,27.496675999999933,SL_OR_TP,0.0,1,False,7.25,volatile
283,2026-04-29T17:12:41.214846+00:00,JPN225ft,SHORT,[sl 59157.96],-2.25,-0.28784137034631657,SL,-7.816805476200032,-1.000000000000004,5.566805476200032,0.7121586296536875,5.566805476200032,SL_OR_TP,0.0,1,False,9.25,volatile
284,2026-04-29T17:12:41.348402+00:00,JPN225ft,SHORT,[sl 59157.96],-1.19,-0.15223610253871855,SL,-7.816805476200031,-1.000000000000004,6.6268054762000315,0.8477638974612854,6.6268054762000315,SL_OR_TP,0.0,1,False,9.25,volatile
285,2026-04-29T17:12:41.399328+00:00,JPN225ft,SHORT,[sl 59157.96],-0.56,-0.0716405188417499,SL,-7.816805476200033,-1.000000000000004,7.256805476200032,0.9283594811582541,7.256805476200032,SL_OR_TP,0.0,1,False,9.25,volatile
286,2026-04-29T17:48:25.272692+00:00,EURUSD,SHORT,[sl 1.16899],0.22,0.033281202867387415,SL,-3.779999999999093,-0.99999999999976,3.999999999999093,1.0332812028671474,3.999999999999093,SL_OR_TP,0.0,1,True,6.25,volatile
287,2026-04-29T17:48:25.288275+00:00,EURUSD,SHORT,[sl 1.16899],0.18,0.027230075073316973,SL,-3.779999999999093,-0.99999999999976,3.959999999999093,1.027230075073077,3.959999999999093,SL_OR_TP,0.0,1,True,6.25,volatile
288,2026-04-29T17:49:01.128290+00:00,EURUSD,SHORT,[sl 1.16926],-0.96,-0.14538557982222614,SL,-6.603130799998416,-0.99999999999976,5.643130799998416,0.8546144201775339,5.643130799998416,SL_OR_TP,0.0,1,True,6.25,volatile
289,2026-04-29T18:00:51.545972+00:00,GBPJPY,LONG,[sl 216.132],1.45,0.2522684452908727,SL,0.0011186210282048581,0.00019461571562408075,1.4488813789717951,0.25207382957524865,1.4488813789717951,SL_OR_TP,0.2783004733331982,2,True,6.75,volatile
290,2026-04-29T18:01:19.774988+00:00,GBPJPY,LONG,[sl 216.126],1.41,0.2456023940292975,SL,0.0011172861735102638,0.00019461571562408075,1.4088827138264897,0.24540777831367344,1.4088827138264897,SL_OR_TP,0.2783004733331982,2,True,6.75,volatile
291,2026-04-29T18:53:52.284378+00:00,GBPJPY,LONG,[sl 216.139],1.49,0.2594372634509743,SL,0.0011177169093701807,0.00019461571562408075,1.4888822830906299,0.2592426477353502,1.4888822830906299,SL_OR_TP,0.2783004733331982,2,True,6.75,volatile
292,2026-04-29T20:00:21.426977+00:00,EURJPY,LONG,[sl 187.220],-1.99,-0.48630878914265285,EarlyLossCut_T1-MARGINAL-SCALP,-1.9788941668667919,-0.4835947870002253,-0.01110583313320812,-0.002714002142427563,-0.01110583313320812,SL_OR_TP,0.1987782253313049,9,True,6.25,volatile
293,2026-04-29T20:00:21.467885+00:00,EURJPY,LONG,[sl 187.220],-1.09,-0.2663701407866792,EarlyLossCut_T1-MARGINAL-SCALP,-1.9788941668667919,-0.4835947870002253,0.8888941668667918,0.2172246462135461,0.8888941668667918,SL_OR_TP,0.1987782253313049,9,True,6.25,volatile
294,2026-04-29T20:00:21.478540+00:00,EURJPY,LONG,[sl 187.220],-0.72,-0.1759509186847789,EarlyLossCut_T1-MARGINAL-SCALP,-1.9788941668667919,-0.4835947870002253,1.258894166866792,0.3076438683154464,1.258894166866792,SL_OR_TP,0.1987782253313049,9,True,6.25,volatile
295,2026-04-29T20:07:25.058901+00:00,XAGUSD,SHORT,[sl 71.528],12.75,0.9679742199084373,SL,72.44511120000017,5.500000000000012,-50.0,-4.532025780091575,-59.69511120000017,SL_OR_TP,8.398184618360345,2,False,7.25,volatile
296,2026-04-29T20:17:29.890003+00:00,GER40.r,SHORT,[sl 23825.43],9.75,0.7477926632122891,SL,6.856007861845912e-06,5.258330644117073e-07,9.749993143992139,0.7477921373792247,9.749993143992139,SL_OR_TP,0.3347803806201321,2,False,8.75,volatile
297,2026-04-29T20:20:09.414168+00:00,EURUSD,SHORT,[sl 1.16845],-3.19,-0.20347060902133823,SL,-15.677939999996426,-0.999999999999772,12.487939999996426,0.7965293909784337,12.487939999996426,SL_OR_TP,0.0,1,False,10.5,volatile
298,2026-04-29T20:20:09.426036+00:00,EURUSD,SHORT,[sl 1.16845],-2.03,-0.1294812966499425,SL,-15.677939999996426,-0.999999999999772,13.647939999996426,0.8705187033498294,13.647939999996426,SL_OR_TP,0.0,1,False,10.5,volatile
299,2026-04-29T20:20:09.434240+00:00,EURUSD,SHORT,[sl 1.16845],-1.16,-0.07398931237139572,SL,-15.677939999996426,-0.999999999999772,14.517939999996425,0.9260106876283762,14.517939999996425,SL_OR_TP,0.0,1,False,10.5,volatile
300,2026-04-29T20:20:09.442124+00:00,SP500.r,SHORT,[sl 7131.69],-3.89,-0.5907603142954216,SL,8.230918499999897,1.2499999999999842,-12.120918499999897,-1.8407603142954059,-12.120918499999897,SL_OR_TP,1.9354460937284677,2,True,5.75,volatile
301,2026-04-29T20:20:09.454907+00:00,SP500.r,SHORT,[sl 7131.69],-2.43,-0.36903536342875953,SL,8.230918499999897,1.2499999999999842,-10.660918499999896,-1.6190353634287438,-10.660918499999896,SL_OR_TP,1.9354460937284677,2,True,5.75,volatile
302,2026-04-29T20:20:09.462471+00:00,SP500.r,SHORT,[sl 7131.69],-1.53,-0.23235559919588564,SL,8.230918499999897,1.2499999999999842,-9.760918499999896,-1.48235559919587,-9.760918499999896,SL_OR_TP,1.9354460937284677,2,True,5.75,volatile
303,2026-04-29T20:20:09.468627+00:00,JPN225ft,SHORT,[sl 58879.73],-3.71,-0.48135357663293193,SL,3.468344437530007,0.45000000000000095,-7.178344437530007,-0.9313535766329328,-7.178344437530007,SL_OR_TP,0.7228083001338788,2,False,9.25,volatile
304,2026-04-29T20:20:09.475613+00:00,JPN225ft,SHORT,[sl 58879.73],-2.4,-0.311387758468743,SL,3.4683444375300074,0.45000000000000095,-5.868344437530007,-0.761387758468744,-5.868344437530007,SL_OR_TP,0.7228083001338788,2,False,9.25,volatile
305,2026-04-29T20:20:09.482413+00:00,JPN225ft,SHORT,[sl 58879.73],-1.44,-0.1868326550812458,SL,3.4683444375300074,0.45000000000000095,-4.908344437530007,-0.6368326550812468,-4.908344437530007,SL_OR_TP,0.7228083001338788,2,False,9.25,volatile
306,2026-04-29T20:30:02.491223+00:00,GER40.r,SHORT,[sl 23854.25],-6.71,-0.5146150570439811,SL,6.856270165256765e-06,5.258330644117073e-07,-6.710006856270165,-0.5146155828770456,-6.710006856270165,SL_OR_TP,0.3347803806201321,2,False,8.75,volatile
307,2026-04-29T20:33:45.289427+00:00,EURUSD,SHORT,[sl 1.16853],-3.08,-0.19642055426309127,SL,-15.680639999996428,-0.999999999999772,12.600639999996428,0.8035794457366807,12.600639999996428,SL_OR_TP,0.0,1,False,10.5,volatile
308,2026-04-29T20:33:45.315776+00:00,EURUSD,SHORT,[sl 1.16853],-1.6800000000000002,-0.10713848414350434,SL,-15.680639999996426,-0.999999999999772,14.000639999996427,0.8928615158562676,14.000639999996427,SL_OR_TP,0.0,1,False,10.5,volatile
309,2026-04-29T20:33:45.324389+00:00,EURUSD,SHORT,[sl 1.16853],-1.12,-0.07142565609566956,SL,-15.680639999996426,-0.999999999999772,14.560639999996425,0.9285743439041024,14.560639999996425,SL_OR_TP,0.0,1,False,10.5,volatile
310,2026-04-30T05:26:52.211676+00:00,GER40.r,SHORT,[sl 23880.25],-6.71,-0.4880049554330108,SL,9.624902263199967,0.6999999999999977,-16.334902263199968,-1.1880049554330085,-16.334902263199968,SL_OR_TP,1.053383321649917,5,False,8.75,volatile
311,2026-04-30T05:26:52.220893+00:00,SP500.r,SHORT,[sl 7136.63],1.5699999999999998,0.22602520425768136,SL,-6.94612799999985,-0.9999999999999782,8.51612799999985,1.2260252042576596,8.51612799999985,SL_OR_TP,0.0,1,True,5.75,volatile
312,2026-04-30T05:26:52.227277+00:00,SP500.r,SHORT,[sl 7136.63],1.05,0.15116335316596527,SL,-6.946127999999849,-0.9999999999999782,7.996127999999849,1.1511633531659435,7.996127999999849,SL_OR_TP,0.0,1,True,5.75,volatile
313,2026-04-30T05:26:52.234010+00:00,SP500.r,SHORT,[sl 7124.22],2.81,0.4045419260917737,SL,-6.94612799999985,-0.9999999999999782,9.75612799999985,1.404541926091752,9.75612799999985,SL_OR_TP,0.0,1,True,5.75,volatile
314,2026-04-30T05:26:52.240522+00:00,GER40.r,SHORT,[sl 23809.41],-6.73,-0.48945951565784845,SL,9.624902263199967,0.6999999999999977,-16.354902263199968,-1.1894595156578462,-16.354902263199968,SL_OR_TP,1.053383321649917,5,False,8.75,volatile
315,2026-04-30T05:26:52.249021+00:00,EURUSD,SHORT,[sl 1.16758],-7.2,-0.4353504571179799,SL,84.88110399630862,5.1323649202044095,-50.0,-5.567715377322389,-92.08110399630863,SL_OR_TP,5.632364920204523,3,False,10.5,volatile
316,2026-04-30T05:26:52.254620+00:00,EURUSD,SHORT,[sl 1.16758],-4.2,-0.2539544333188216,SL,84.88110399630862,5.1323649202044095,-50.0,-5.386319353523231,-89.08110399630863,SL_OR_TP,5.632364920204523,3,False,10.5,volatile
317,2026-04-30T05:26:52.260645+00:00,EURUSD,SHORT,[sl 1.16758],-2.7,-0.16325642141924246,SL,84.88110399630862,5.1323649202044095,-50.0,-5.295621341623652,-87.58110399630863,SL_OR_TP,5.632364920204523,3,False,10.5,volatile
318,2026-04-30T05:26:52.268974+00:00,EURUSD,SHORT,[sl 1.16725],0.72,0.04353504571179799,SL,46.19128428183969,5.1323649202044095,-45.471284281839694,-5.088829874492611,-45.471284281839694,SL_OR_TP,5.632364920204523,3,False,10.5,volatile
319,2026-04-30T05:26:52.276316+00:00,EURUSD,SHORT,[sl 1.16729],2.5300000000000002,0.15297731340395684,SL,84.88110399630862,5.1323649202044095,-50.0,-4.979387606800453,-82.35110399630862,SL_OR_TP,5.632364920204523,3,False,10.5,volatile
320,2026-04-30T05:26:52.283236+00:00,EURUSD,SHORT,[sl 1.16729],1.4,0.08465147777294053,SL,84.88110399630862,5.1323649202044095,-50.0,-5.047713442431469,-83.48110399630862,SL_OR_TP,5.632364920204523,3,False,10.5,volatile
321,2026-04-30T05:26:52.290140+00:00,GER40.r,SHORT,[sl 23824.63],1.3900000000000001,0.10109193562621238,SL,9.624902263199967,0.6999999999999977,-8.234902263199967,-0.5989080643737854,-8.234902263199967,SL_OR_TP,1.053383321649917,5,False,8.75,volatile
322,2026-04-30T05:26:52.297636+00:00,GER40.r,SHORT,[sl 23830.43],0.6,0.04363680674512764,SL,5.2377569999999825,0.6999999999999977,-4.637756999999983,-0.6563631932548701,-4.637756999999983,SL_OR_TP,1.053383321649917,5,False,8.75,volatile
323,2026-04-30T05:26:52.303991+00:00,GER40.r,SHORT,[sl 23830.43],0.71,0.051636887981734374,SL,9.624902263199967,0.6999999999999977,-8.914902263199966,-0.6483631120182634,-8.914902263199966,SL_OR_TP,1.053383321649917,5,False,8.75,volatile
326,2026-04-30T10:51:13.349155+00:00,XAUUSD,LONG,[sl 4596.77],0.02,0.0025416641653355342,SL,-4.256475000000381,-1.0000000000000893,4.276475000000381,1.0025416641654248,4.276475000000381,SL_OR_TP,0.0,1,False,7.25,volatile
327,2026-04-30T10:55:21.108272+00:00,GBPJPY,LONG,[sl 216.504],4.86,0.39614391068872784,SL,-12.268268850959778,-0.9999999999999819,17.128268850959778,1.3961439106887097,17.128268850959778,SL_OR_TP,0.0,1,False,8.75,volatile
328,2026-04-30T10:57:06.451488+00:00,GBPJPY,LONG,[sl 216.132],-4.87,-0.3969633156800769,SL,-12.268136141639777,-0.9999999999999819,7.398136141639777,0.603036684319905,7.398136141639777,SL_OR_TP,0.0,1,False,8.75,volatile
329,2026-04-30T10:57:06.459259+00:00,GBPJPY,LONG,[sl 216.132],-2.43,-0.198074097967677,SL,-12.268136141639777,-0.9999999999999819,9.838136141639778,0.8019259020323048,9.838136141639778,SL_OR_TP,0.0,1,False,8.75,volatile
330,2026-04-30T11:52:51.868975+00:00,XAUUSD,LONG,[sl 4615.55],0.02,0.002541865826514261,SL,-4.2564749999999085,-0.9999999999999784,4.276474999999908,1.0025418658264926,4.276474999999908,SL_OR_TP,0.0,1,False,7.25,volatile
331,2026-04-30T12:44:11.119389+00:00,XAGUSD,LONG,[sl 73.312],0.1,0.010161908264763899,SL,15.976845000000097,3.000000000000018,-15.876845000000097,-2.9898380917352543,-15.876845000000097,SL_OR_TP,3.8365407344147124,2,False,7.0,volatile
332,2026-04-30T13:15:04.776969+00:00,USDCAD,LONG,DragonReversal,-1.55,-0.3576820128748561,SL,-4.33345805549991,-0.999999999999979,2.78345805549991,0.6423179871251229,2.78345805549991,EXTERNAL,0.0,1,True,5.75,volatile
333,2026-04-30T13:31:00.077723+00:00,XAUUSD,LONG,[sl 4641.74],21.5,2.7429222997899005,SL,31.35342186200015,4.000000000000019,-9.85342186200015,-1.257077700210118,-9.85342186200015,SL_OR_TP,5.624750154299543,2,False,7.25,volatile
334,2026-04-30T13:37:41.278424+00:00,GER40.r,LONG,[sl 23994.72],2.13,0.6532683750765903,SL,1.6302641313000121,0.5000000000000038,0.49973586869998776,0.15326837507658653,0.49973586869998776,SL_OR_TP,0.7126645409191924,10,True,6.5,volatile
335,2026-04-30T13:45:27.387541+00:00,EURUSD,LONG,[sl 1.17068],-1.0,-0.34354969810131736,SL,-2.9107870143003582,-1.000000000000123,1.9107870143003582,0.6564503018988057,1.9107870143003582,SL_OR_TP,0.0,1,True,5.5,volatile
336,2026-04-30T13:45:27.430941+00:00,EURUSD,LONG,[sl 1.17068],-0.54,-0.18551683697471139,SL,-2.9107870143003582,-1.000000000000123,2.370787014300358,0.8144831630254117,2.370787014300358,SL_OR_TP,0.0,1,True,5.5,volatile
337,2026-04-30T13:45:27.438959+00:00,EURUSD,LONG,[sl 1.17068],-0.27,-0.09275841848735569,SL,-2.9107870143003582,-1.000000000000123,2.6407870143003582,0.9072415815127673,2.6407870143003582,SL_OR_TP,0.0,1,True,5.5,volatile
338,2026-04-30T16:10:13.667489+00:00,SP500.r,LONG,[sl 7185.02],-0.09,-0.01315794367515893,SL,-3.7079999999999513,-0.9999999999999868,3.6179999999999515,0.9868420563248279,3.6179999999999515,SL_OR_TP,0.0,1,True,5.5,volatile
339,2026-04-30T16:10:13.681531+00:00,SP500.r,LONG,[sl 7185.02],0.07,0.01023395619179028,SL,-3.7079999999999513,-0.9999999999999868,3.777999999999951,1.010233956191777,3.777999999999951,SL_OR_TP,0.0,1,True,5.5,volatile
340,2026-04-30T16:10:25.616165+00:00,SP500.r,LONG,[sl 7184.03],-0.26,-0.03800153682892048,SL,-3.7079999999999513,-0.9999999999999868,3.4479999999999515,0.9619984631710663,3.4479999999999515,SL_OR_TP,0.0,1,True,5.5,volatile
341,2026-04-30T16:30:15.173464+00:00,SP500.r,LONG,[sl 7177.53],-9.59,-1.401682198708572,SL,-6.84177911999991,-0.9999999999999868,-2.7482208800000896,-0.4016821987085851,-2.7482208800000896,SL_OR_TP,0.0,1,True,5.5,volatile
342,2026-04-30T19:16:18.263681+00:00,SP500.r,LONG,[sl 7182.63],0.35,0.05282768571131079,SL,-6.62531389151986,-0.9999999999999788,6.97531389151986,1.0528276857112895,6.97531389151986,SL_OR_TP,0.0,1,False,9.5,volatile
343,2026-04-30T19:25:04.168672+00:00,SP500.r,LONG,[sl 7181.88],0.8,0.12074986679598894,SL,-6.62526610775986,-0.9999999999999788,7.425266107759859,1.1207498667959677,7.425266107759859,SL_OR_TP,0.0,1,False,9.5,volatile
344,2026-04-30T19:25:04.185407+00:00,SP500.r,LONG,[sl 7181.88],0.5,0.07546866674749309,SL,-6.625266107759859,-0.9999999999999788,7.125266107759859,1.0754686667474718,7.125266107759859,SL_OR_TP,0.0,1,False,9.5,volatile
345,2026-04-30T19:31:06.614151+00:00,GER40.r,LONG,[sl 24261.04],0.01,0.0030554837210823482,SL,1.3810445999999985,0.7799999999999991,-1.3710445999999985,-0.7769445162789168,-1.3710445999999985,SL_OR_TP,1.1123128523263728,10,True,6.5,volatile
346,2026-04-30T19:51:25.866050+00:00,EURUSD,LONG,[sl 1.17226],-1.6800000000000002,-0.4819004666295228,SL,1.7430985403997035,0.49999999999991496,-3.4230985403997036,-0.9819004666294378,-3.4230985403997036,SL_OR_TP,0.8479738219709161,2,True,5.75,volatile
347,2026-04-30T19:51:25.876478+00:00,EURUSD,LONG,[sl 1.17226],-0.84,-0.24095023331476137,SL,1.7430985403997035,0.49999999999991496,-2.5830985403997033,-0.7409502333146764,-2.5830985403997033,SL_OR_TP,0.8479738219709161,2,True,5.75,volatile
348,2026-04-30T19:51:25.885574+00:00,EURUSD,LONG,[sl 1.17226],-0.42,-0.12047511665738068,SL,1.7430985403997035,0.49999999999991496,-2.1630985403997034,-0.6204751166572956,-2.1630985403997034,SL_OR_TP,0.8479738219709161,2,True,5.75,volatile
349,2026-04-30T21:08:35.806677+00:00,SP500.r,LONG,[sl 7208.37],1.5,0.22642559697934914,SL,7.949631243167886,1.1999999999999826,-6.449631243167886,-0.9735744030206335,-6.449631243167886,SL_OR_TP,1.635200197564736,2,False,9.5,volatile
350,2026-04-30T21:08:35.826027+00:00,SP500.r,LONG,[sl 7208.37],0.7,0.10566527859036293,SL,7.949631243167886,1.1999999999999826,-7.249631243167886,-1.0943347214096197,-7.249631243167886,SL_OR_TP,1.635200197564736,2,False,9.5,volatile
351,2026-04-30T22:53:24.337041+00:00,NAS100.r,LONG,[sl 27447.26],1.75,0.141830730555615,SL,25.911168796799696,2.099999999999975,-24.161168796799696,-1.9581692694443602,-24.161168796799696,SL_OR_TP,3.006444286608327,2,False,8.0,ranging
352,2026-04-30T22:53:24.381892+00:00,SP500.r,LONG,[sl 7222.16],1.73,0.26112535360294736,SL,13.912858134503981,2.099999999999997,-12.18285813450398,-1.8388746463970496,-12.18285813450398,SL_OR_TP,2.553728918786405,3,False,9.5,volatile
353,2026-05-01T02:55:12.847365+00:00,USDCAD,SHORT,[sl 1.35794],6.51,1.4993827029320232,SL,13.893717700799872,3.199999999999971,-7.383717700799872,-1.7006172970679476,-7.383717700799872,SL_OR_TP,4.922004617925564,31,True,5.75,volatile
354,2026-05-01T14:05:11.085079+00:00,SP500.r,LONG,[sl 7232.37],-2.04,-0.49544795533437597,SL,-4.117485960000062,-1.000000000000015,2.077485960000062,0.5045520446656391,2.077485960000062,SL_OR_TP,0.0,1,True,5.5,volatile
355,2026-05-01T14:05:11.101108+00:00,SP500.r,LONG,[sl 7232.37],-1.1400000000000001,-0.2768679750397984,SL,-4.117485960000062,-1.000000000000015,2.977485960000062,0.7231320249602167,2.977485960000062,SL_OR_TP,0.0,1,True,5.5,volatile
356,2026-05-01T14:05:11.108070+00:00,SP500.r,LONG,[sl 7232.37],-0.68,-0.165149318444792,SL,-4.117485960000062,-1.000000000000015,3.437485960000062,0.8348506815552231,3.437485960000062,SL_OR_TP,0.0,1,True,5.5,volatile
357,2026-05-01T14:07:28.678109+00:00,SP500.r,LONG,[sl 7230.62],-2.04,-0.4954856340316148,SL,-4.1171728500000615,-1.000000000000015,2.0771728500000615,0.5045143659684004,2.0771728500000615,SL_OR_TP,0.0,1,True,5.5,volatile
358,2026-05-01T14:07:28.712858+00:00,SP500.r,LONG,[sl 7230.62],-1.1400000000000001,-0.276889030782373,SL,-4.1171728500000615,-1.000000000000015,2.9771728500000614,0.7231109692176421,2.9771728500000614,SL_OR_TP,0.0,1,True,5.5,volatile
359,2026-05-01T14:07:28.756255+00:00,SP500.r,LONG,[sl 7230.62],-0.68,-0.16516187801053828,SL,-4.1171728500000615,-1.000000000000015,3.4371728500000613,0.8348381219894768,3.4371728500000613,SL_OR_TP,0.0,1,True,5.5,volatile
360,2026-05-01T14:12:06.246073+00:00,SP500.r,LONG,[sl 7229.12],-2.04,-0.4954605142633866,SL,-4.117381590000061,-1.000000000000015,2.077381590000061,0.5045394857366285,2.077381590000061,SL_OR_TP,0.0,1,True,5.5,volatile
361,2026-05-01T14:12:06.258704+00:00,SP500.r,LONG,[sl 7229.12],-1.1400000000000001,-0.2768749932648337,SL,-4.117381590000061,-1.000000000000015,2.977381590000061,0.7231250067351813,2.977381590000061,SL_OR_TP,0.0,1,True,5.5,volatile
362,2026-05-01T14:12:06.265901+00:00,SP500.r,LONG,[sl 7229.12],-0.68,-0.16515350475446222,SL,-4.117381590000061,-1.000000000000015,3.437381590000061,0.8348464952455529,3.437381590000061,SL_OR_TP,0.0,1,True,5.5,volatile
363,2026-05-01T15:14:49.869189+00:00,SP500.r,LONG,[sl 7247.66],2.3,0.5586094654071471,SL,-4.117366679999896,-0.9999999999999748,6.417366679999896,1.5586094654071219,6.417366679999896,SL_OR_TP,0.0,1,True,5.5,volatile
364,2026-05-01T15:29:15.460359+00:00,USDCAD,SHORT,[sl 1.35537],1.48,0.35948819578123553,EarlyLossCut_T1-MARGINAL-SCALP,-3.2550272571021805,-0.7906377539691938,4.73502725710218,1.1501259497504293,4.73502725710218,SL_OR_TP,0.0,3,True,5.5,volatile
365,2026-05-01T16:46:24.428677+00:00,SP500.r,LONG,[sl 7250.93],0.61,0.14856342757844038,SL,9.03317876999992,2.19999999999998,-8.42317876999992,-2.0514365724215398,-8.42317876999992,SL_OR_TP,3.143503452046878,2,True,5.5,volatile
366,2026-05-01T16:47:19.108631+00:00,USDCAD,SHORT,[sl 1.35669],-1.05,-0.2559069988926393,EarlyLossCut_T1-MARGINAL-SCALP,-2.9933967724406223,-0.7295535090763736,1.9433967724406223,0.4736465101837343,1.9433967724406223,SL_OR_TP,0.0,2,True,5.5,volatile
367,2026-05-01T16:47:19.248889+00:00,USDCAD,SHORT,[sl 1.35669],-1.07,-0.26078141791916576,EarlyLossCut_T1-MARGINAL-SCALP,-2.9933967724406223,-0.7295535090763736,1.9233967724406222,0.46877209115720786,1.9233967724406222,SL_OR_TP,0.0,2,True,5.5,volatile
368,2026-05-01T16:47:41.516604+00:00,SP500.r,LONG,[sl 7251.66],0.01,0.002436589714144119,SL,4.920299999999956,2.19999999999998,-4.910299999999956,-2.197563410285836,-4.910299999999956,SL_OR_TP,3.143503452046878,2,True,5.5,volatile
369,2026-05-01T16:51:29.475688+00:00,NAS100.r,LONG,[sl 27688.56],1.25,0.27555539340259616,SL,1.6093155240973264e-06,3.547644578812352e-07,1.2499983906844758,0.2755550386381383,1.2499983906844758,SL_OR_TP,0.2534792023380487,3,True,6.25,volatile
370,2026-05-01T21:02:46.152537+00:00,XAUUSD,LONG,[sl 4624.50],-19.46,-3.0183488516388413,SL,-6.447233555999733,-0.9999999999999587,-13.012766444000267,-2.0183488516388826,-13.012766444000267,SL_OR_TP,0.0,1,True,5.25,volatile
371,2026-05-01T23:00:03.772575+00:00,NAS100.r,LONG,DragonWeekendClose,-0.83,-0.18381672063720472,SL,1.5994960214862227e-06,3.542338714962089e-07,-0.8300015994960215,-0.1838170748710762,-0.8300015994960215,EXTERNAL,0.3065185655978953,2,True,6.25,volatile
388,2026-05-04T20:17:21.368953+00:00,EURUSD,SHORT,[sl 1.16929],2.5,0.49829086234216635,SL,0.9751773556543933,0.19436878619423245,1.5248226443456065,0.3039220761479339,1.5248226443456065,SL_OR_TP,0.8552226592547091,2,False,8.0,volatile
391,2026-05-04T22:03:02.074398+00:00,GBPJPY,SHORT,[sl 212.627],0.76,0.13490110010025969,SL,0.0005731050198516915,0.0001017269705933873,0.7594268949801484,0.1347993731296663,0.7594268949801484,SL_OR_TP,0.2705937417694184,3,True,5.25,volatile
403,2026-05-05T12:00:18.171105+00:00,GBPJPY,SHORT,[sl 213.503],-5.01,-0.889525083857394,SL,-5.632218912000035,-1.0000000000000064,0.6222189120000357,0.1104749161426124,0.6222189120000357,SL_OR_TP,0.0,1,True,5.25,volatile
404,2026-05-05T12:00:18.211871+00:00,AUDJPY,SHORT,[sl 112.823],-6.87,-0.6846557387505182,SL,-10.034239999999901,-0.99999999999999,3.164239999999901,0.3153442612494718,3.164239999999901,SL_OR_TP,0.0,1,False,7.5,volatile
409,2026-05-05T15:15:23.451204+00:00,SP500.r,SHORT,[sl 7249.44],-4.79,-0.9501328995913835,SL,3.781050000000099,0.7500000000000198,-8.571050000000099,-1.7001328995914031,-8.571050000000099,SL_OR_TP,1.3599370661388959,2,False,8.75,volatile
411,2026-05-05T15:26:41.277840+00:00,UK100.r,SHORT,[sl 10242.42],2.51,0.24897928413000087,SL,-10.081159999999814,-0.9999999999999815,12.591159999999814,1.2489792841299823,12.591159999999814,SL_OR_TP,0.0,1,False,8.0,volatile
414,2026-05-05T17:18:45.614221+00:00,GBPUSD,LONG,[sl 1.35504],1.2,0.23805225643782568,SL,3.931909799999945,0.779999999999989,-2.7319097999999453,-0.5419477435621634,-2.7319097999999453,SL_OR_TP,1.264703696653132,2,True,4.75,volatile
419,2026-05-05T18:42:08.477065+00:00,UK100.r,SHORT,[sl 10227.69],-5.95,-0.5890820814101536,SL,-10.100459999999847,-0.9999999999999849,4.150459999999847,0.4109179185898313,4.150459999999847,SL_OR_TP,0.0,1,False,8.0,volatile
421,2026-05-05T19:28:11.290225+00:00,NAS100.r,LONG,[sl 27995.85],5.22,0.5080360767625156,SL,12.329833030594237,1.199999999999995,-7.109833030594237,-0.6919639232374795,-7.109833030594237,SL_OR_TP,1.7736416736985448,7,False,9.5,volatile
424,2026-05-05T20:05:12.207956+00:00,EURGBP,SHORT,[sl 0.86321],0.84,0.06943232134071829,SL,1.4993677296134995,0.12393402620289014,-0.6593677296134995,-0.054501704862171846,-0.6593677296134995,SL_OR_TP,0.3408185720580167,2,True,6.25,volatile
425,2026-05-05T20:05:14.090473+00:00,EURGBP,SHORT,[sl 0.86321],0.43,0.035542735924415314,SL,0.44616249433040445,0.12393402620289014,-0.016162494330404453,-0.08839129027847482,-0.016162494330404453,SL_OR_TP,0.3408185720580167,2,True,6.25,volatile
429,2026-05-05T22:26:25.076434+00:00,GBPUSD,LONG,[sl 1.35447],-4.64,-0.9206257874425848,SL,-5.040050000000676,-1.0000000000001341,0.40005000000067614,0.07937421255754928,0.40005000000067614,SL_OR_TP,0.0,1,True,4.75,ranging
434,2026-05-05T23:41:00.742412+00:00,SP500.r,LONG,[sl 7277.03],1.5,0.2972268732723688,SL,15.13994999999983,2.9999999999999667,-13.63994999999983,-2.702773126727598,-13.63994999999983,SL_OR_TP,3.6191861764172515,2,False,7.0,volatile
436,2026-05-06T01:53:11.445398+00:00,NAS100.r,LONG,[sl 28276.98],21.02,2.5837564837530245,SL,3.6609487231011855,0.4500000000000021,17.359051276898814,2.1337564837530225,17.359051276898814,SL_OR_TP,0.7310169773868372,2,False,7.25,volatile
437,2026-05-06T02:07:35.286150+00:00,AUDUSD,SHORT,[sl 0.72038],-4.34,-0.7401808235473801,SL,-5.863432099199765,-0.99999999999996,1.5234320991997654,0.2598191764525799,1.5234320991997654,SL_OR_TP,0.0,1,False,7.75,volatile
438,2026-05-06T02:21:40.460013+00:00,EURUSD,SHORT,[sl 1.17259],-3.35,-0.6622870055335562,SL,-5.05822999999859,-0.9999999999997211,1.7082299999985895,0.3377129944661649,1.7082299999985895,SL_OR_TP,0.0,1,False,8.0,volatile
439,2026-05-06T03:02:48.644103+00:00,EURAUD,LONG,[sl 1.62562],-4.28,-0.5944838372223534,SL,-7.199522900400018,-1.0000000000000022,2.9195229004000174,0.4055161627776488,2.9195229004000174,SL_OR_TP,0.0,1,False,7.5,volatile
443,2026-05-06T07:27:32.473172+00:00,GBPJPY,LONG,[sl 213.483],-2.91,-0.5779485804510383,SL,-5.035049999999997,-0.9999999999999994,2.125049999999997,0.4220514195489612,2.125049999999997,SL_OR_TP,0.0,1,True,4.5,volatile
444,2026-05-06T07:27:59.319473+00:00,USDJPY,LONG,[sl 157.187],-3.19,-0.5280358918741401,SL,-6.041256000000032,-1.0000000000000053,2.8512560000000318,0.4719641081258652,2.8512560000000318,SL_OR_TP,0.0,1,True,6.0,volatile
445,2026-05-06T07:27:59.336584+00:00,AUDJPY,LONG,[sl 113.771],2.3,0.4568586399914189,SL,1.5103140000000248,0.3000000000000049,0.789685999999975,0.15685863999141403,0.789685999999975,SL_OR_TP,0.5262347946840576,97,True,5.0,volatile
447,2026-05-06T07:30:41.550503+00:00,USDCHF,LONG,[sl 0.78058],-4.97,-0.9874355286058284,SL,-5.033240000000021,-1.000000000000004,0.06324000000002084,0.012564471394175603,0.06324000000002084,SL_OR_TP,0.0,1,True,4.75,volatile
451,2026-05-06T10:34:24.275622+00:00,EURGBP,SHORT,[sl 0.86321],0.43,0.04131259240972405,SL,0.46102499999997687,0.14999999999999247,-0.031024999999976877,-0.10868740759026843,-0.031024999999976877,SL_OR_TP,0.4412768147663562,2,True,6.25,volatile
459,2026-05-06T11:52:09.709479+00:00,USDCAD,LONG,[sl 1.35815],-2.93,-0.5664858911584635,SL,-5.172238259999851,-0.9999999999999714,2.242238259999851,0.4335141088415079,2.242238259999851,SL_OR_TP,0.0,1,True,4.75,volatile
460,2026-05-06T11:57:14.770083+00:00,GBPUSD,LONG,[sl 1.36272],8.32,1.635863153755407,SL,-5.08599999999951,-0.9999999999999035,13.40599999999951,2.6358631537553103,13.40599999999951,SL_OR_TP,0.0,1,False,8.75,volatile
464,2026-05-06T12:32:57.747476+00:00,ETHUSD,LONG,[sl 2392.42],0.11,0.021688723441172293,SL,4.499999999999974,2.9999999999999827,-4.389999999999974,-2.9783112765588102,-4.389999999999974,SL_OR_TP,4.424795081900307,3,False,7.0,ranging
465,2026-05-06T13:49:40.346865+00:00,EURUSD,LONG,[sl 1.17815],9.44,1.862487644249076,SL,-5.068489999999208,-0.9999999999998438,14.508489999999208,2.8624876442489198,14.508489999999208,SL_OR_TP,0.0,1,False,8.5,volatile
470,2026-05-06T16:01:06.439076+00:00,ETHUSD,LONG,[sl 2397.76],0.33,0.06535041685644692,SL,-5.0497000000000085,-1.0000000000000018,5.379700000000009,1.0653504168564487,5.379700000000009,SL_OR_TP,0.0,1,True,5.75,volatile
471,2026-05-06T16:01:06.588320+00:00,ETHUSD,LONG,[sl 2397.80],0.17,0.03366536625938175,SL,-1.5000000000000027,-1.0000000000000018,1.6700000000000026,1.0336653662593835,1.6700000000000026,SL_OR_TP,0.0,1,True,5.75,volatile
472,2026-05-06T18:06:34.435763+00:00,GBPUSD,LONG,[sl 1.35977],-3.08,-0.6113355100582555,SL,-5.038149999999927,-0.9999999999999855,1.958149999999927,0.38866448994173,1.958149999999927,SL_OR_TP,0.0,1,True,4.5,volatile
473,2026-05-06T19:47:00.601093+00:00,SP500.r,LONG,[sl 7344.63],2.74,1.5416729965284226,SL,-1.7772899999999456,-0.9999999999999694,4.517289999999946,2.541672996528392,4.517289999999946,SL_OR_TP,0.0,1,False,9.97775,volatile
474,2026-05-06T20:22:52.822205+00:00,GBPJPY,SHORT,[sl 212.692],0.01,0.006859322161783973,SL,0.22499999999998746,0.14999999999999164,-0.21499999999998745,-0.14314067783820766,-0.21499999999998745,SL_OR_TP,0.4705091792883157,5,True,4.75,volatile
479,2026-05-06T21:43:54.586822+00:00,ETHUSD,LONG,EmergencyDD,-1.65,-1.1317881566943555,SL,-1.4578700000000109,-1.0000000000000075,-0.19212999999998903,-0.13178815669434796,-0.19212999999998903,EXTERNAL,0.0,1,True,5.75,volatile
480,2026-05-06T21:43:54.616693+00:00,ETHUSD,LONG,EmergencyDD,-1.09,-0.7476661156344531,SL,-1.457870000000011,-1.0000000000000075,0.367870000000011,0.2523338843655545,0.367870000000011,EXTERNAL,0.0,1,True,5.75,volatile
481,2026-05-06T21:43:54.633112+00:00,ETHUSD,LONG,EmergencyDD,-0.55,-0.3772627188981185,SL,-1.457870000000011,-1.0000000000000075,0.9078700000000111,0.622737281101889,0.9078700000000111,EXTERNAL,0.0,1,True,5.75,volatile
485,2026-05-06T21:44:00.578531+00:00,SP500.r,LONG,EmergencyDD,1.75,1.2003813783121953,SL,1.0934025000000411,0.7500000000000282,0.6565974999999589,0.45038137831216707,0.6565974999999589,EXTERNAL,1.3414698504049842,2,False,9.97775,volatile
486,2026-05-06T21:44:00.619964+00:00,UK100.r,SHORT,EmergencyDD,-0.41,-0.2343601738609524,EarlyLossCut_T1-MARGINAL-SCALP,-1.0245918136905177,-0.5856671112024836,0.6145918136905177,0.3513069373415312,0.6145918136905177,EXTERNAL,0.21618584641702063,7,True,6.0,volatile
492,2026-05-06T21:44:00.980887+00:00,USDJPY,SHORT,EmergencyDD,-2.4,-1.6462373188281534,EarlyLossCut_T1-MARGINAL-SCALP,-0.9555450386723271,-0.6554391260347816,-1.444454961327673,-0.9907981927933718,-1.444454961327673,EXTERNAL,0.0,1,True,6.0,volatile
493,2026-05-06T21:44:01.698359+00:00,AUDUSD,LONG,EmergencyDD,-1.53,-1.0494762907529478,SL,-1.4578700000000127,-1.0000000000000087,-0.07212999999998737,-0.049476290752939134,-0.07212999999998737,EXTERNAL,0.0,1,False,7.0,volatile
494,2026-05-06T21:44:01.751684+00:00,EURAUD,LONG,EmergencyDD,-0.88,-0.29528439009734353,EarlyLossCut_T1-MARGINAL-SCALP,-1.6934803559708431,-0.5682480841530484,0.8134803559708431,0.27296369405570486,0.8134803559708431,EXTERNAL,0.0,3,True,4.5,volatile
495,2026-05-06T21:44:01.795061+00:00,EURUSD,LONG,EmergencyDD,-2.81,-1.9274695274612963,SL,-1.4578700000003457,-1.0000000000002371,-1.3521299999996543,-0.9274695274610592,-1.3521299999996543,EXTERNAL,0.0,1,False,8.5,volatile
497,2026-05-06T21:44:01.894558+00:00,GBPUSD,LONG,EmergencyDD,-0.77,-0.5281678064573659,SL,-1.4578699999999145,-0.9999999999999415,0.6878699999999145,0.47183219354257555,0.6878699999999145,EXTERNAL,0.0,2,True,4.5,volatile
498,2026-05-06T21:44:01.969234+00:00,USDCAD,LONG,EmergencyDD,2.01,1.3787237545185784,EarlyLossCut_T1-MARGINAL-SCALP,-0.7349279156343457,-0.5041107339024369,2.7449279156343454,1.8828344884210153,2.7449279156343454,EXTERNAL,0.09811551196755561,14,True,5.25,volatile
499,2026-05-06T21:44:02.048038+00:00,USDCHF,SHORT,EmergencyDD,-0.23,-0.15169654780868402,SL,0.057780870818493375,0.0381093853588912,-0.2877808708184934,-0.1898059331675752,-0.2877808708184934,EXTERNAL,0.4878001325938835,4,False,7.5,volatile
500,2026-05-06T21:44:36.580245+00:00,SP500.r,LONG,EmergencyDD,-0.09,-0.06173389945605575,SL,1.0934025000000411,0.7500000000000282,-1.1834025000000412,-0.811733899456084,-1.1834025000000412,EXTERNAL,1.3414698504049842,2,False,9.97775,volatile
506,2026-05-06T21:48:03.468397+00:00,SP500.r,LONG,EmergencyDD,-0.09,-0.06173389945605575,SL,1.0934025000000411,0.7500000000000282,-1.1834025000000412,-0.811733899456084,-1.1834025000000412,EXTERNAL,1.3414698504049842,2,False,9.97775,volatile
511,2026-05-06T21:48:03.527347+00:00,USDCAD,LONG,EmergencyDD,-0.09,-0.06173389945605575,EarlyLossCut_T1-MARGINAL-SCALP,-0.7349279156343457,-0.5041107339024369,0.6449279156343457,0.44237683444638115,0.6449279156343457,EXTERNAL,0.09811551196755561,14,True,5.25,volatile
512,2026-05-10T19:25:01.413690+00:00,ETHUSD,LONG,[sl 2339.97],0.08,0.062296562787148214,SL,2.2473150000000097,1.7500000000000075,-2.1673150000000097,-1.6877034372128594,-2.1673150000000097,SL_OR_TP,2.3561146265867414,2,True,5.75,volatile
513,2026-05-10T23:33:10.051240+00:00,ETHUSD,LONG,[sl 2344.84],0.13,0.10121457489878541,EarlyLossCut_T1-MARGINAL-SCALP,-0.704576063054975,-0.5485643592766856,0.834576063054975,0.649778934175471,0.834576063054975,SL_OR_TP,0.0,1,True,6.25,volatile
537,2026-05-11T14:53:10.132624+00:00,AUDJPY,LONG,[sl 113.778],0.22,0.10072245062133636,SL,0.0009896854300544026,0.00045310700845141184,0.2190103145699456,0.10026934361288495,0.2190103145699456,SL_OR_TP,0.9243382972101659,10,False,7.0,volatile
545,2026-05-11T16:30:20.130949+00:00,UK100.r,SHORT,[sl 10284.32],-5.68,-2.1709961512794274,SL,-2.6163104879999985,-0.9999999999999996,-3.063689512000001,-1.1709961512794278,-3.063689512000001,SL_OR_TP,0.0,1,True,4.75,ranging
549,2026-05-11T19:42:18.397344+00:00,EURUSD,LONG,[sl 1.17731],0.49,0.38425043718289537,SL,-1.2752099999997408,-0.9999999999997967,1.7652099999997408,1.384250437182692,1.7652099999997408,SL_OR_TP,0.0,1,True,4.75,volatile
550,2026-05-11T19:42:42.708915+00:00,EURAUD,SHORT,[sl 1.62396],0.41,0.26704083490554115,SL,0.23030185635006112,0.15000000000003982,0.17969814364993886,0.11704083490550132,0.17969814364993886,SL_OR_TP,0.3861337103839163,2,True,5.0,ranging
554,2026-05-11T21:20:21.901814+00:00,JPN225ft,LONG,[sl 62901.63],0.24,0.1898118490046741,SL,0.18966150000000062,0.1500000000000005,0.05033849999999937,0.039811849004673605,0.05033849999999937,SL_OR_TP,0.46565281667379027,4,True,6.25,ranging
555,2026-05-11T21:24:50.528680+00:00,GBPJPY,LONG,[sl 214.282],3.84,3.036245176798026,EarlyLossCut_T1-MARGINAL-SCALP,-0.8887081842788022,-0.7026916505462095,4.728708184278802,3.7389368273442356,4.728708184278802,SL_OR_TP,0.0,2,True,5.5,volatile
559,2026-05-11T23:11:55.723878+00:00,AUDUSD,LONG,[sl 0.72461],0.19,0.14986827367524336,SL,0.6338900000000903,0.5000000000000713,-0.4438900000000903,-0.3501317263248279,-0.4438900000000903,SL_OR_TP,0.9874531788052532,3,True,5.75,volatile
560,2026-05-11T23:41:44.608836+00:00,GBPJPY,LONG,[sl 213.953],-2.25,-1.7755962057481964,SL,-1.2671800000000182,-1.0000000000000142,-0.9828199999999818,-0.7755962057481822,-0.9828199999999818,SL_OR_TP,0.0,1,True,5.5,volatile
562,2026-05-12T00:01:54.698780+00:00,AUDJPY,LONG,[sl 113.906],0.72,0.3340498403620074,PeakGiveback,0.9131898762343004,0.42368185052259627,-0.1931898762343004,-0.08963201016058886,-0.1931898762343004,SL_OR_TP,0.9853066291222778,3,False,7.0,volatile
563,2026-05-12T00:04:30.115123+00:00,USDCHF,SHORT,[sl 0.77936],-2.59,-0.6758042339792799,EarlyLossCut_T1-MARGINAL-SCALP,-2.884558714604293,-0.752662931463865,0.29455871460429295,0.07685869748458507,0.29455871460429295,SL_OR_TP,0.056449719859796396,3,True,5.75,volatile
565,2026-05-12T02:36:46.072357+00:00,EURUSD,LONG,[sl 1.17795],0.02,0.015764913608273423,SL,-1.4999999999992801,-0.9999999999995202,1.5199999999992801,1.0157649136077935,1.5199999999992801,SL_OR_TP,0.0,1,True,4.75,volatile
567,2026-05-12T04:27:29.707681+00:00,JPN225ft,LONG,[sl 62681.13],-3.4,-2.6777768151782686,SL,-1.2697100000000026,-1.000000000000002,-2.1302899999999974,-1.6777768151782666,-2.1302899999999974,SL_OR_TP,0.0,14,False,8.0,ranging
568,2026-05-12T04:39:10.627335+00:00,SP500.r,LONG,[sl 7400.65],-2.9699999999999998,-0.8498792441206737,SL,-3.4946141120000203,-1.0000000000000058,0.5246141120000205,0.15012075587933205,0.5246141120000205,SL_OR_TP,0.0,1,False,8.75,volatile
569,2026-05-12T05:13:10.731732+00:00,UK100.r,SHORT,[sl 10223.34],2.2800000000000002,0.6196480983553468,SL,1.8397538909999582,0.4999999999999886,0.440246109000042,0.11964809835535822,0.440246109000042,SL_OR_TP,0.7609759768422193,4,True,5.5,volatile
618,2026-05-13T01:08:49.609242+00:00,JPN225ft,LONG,[sl 62593.07],0.83,0.6587562998531686,SL,0.6299750000000099,0.5000000000000079,0.20002499999999002,0.15875629985316075,0.20002499999999002,SL_OR_TP,0.7004371510773534,2,True,6.0,volatile
624,2026-05-13T09:52:35.544244+00:00,XAGUSD,LONG,[sl 86.469],0.1,0.08250961236984108,SL,2.6663560000000053,2.200000000000004,-2.566356000000005,-2.117490387630163,-2.566356000000005,SL_OR_TP,2.6026416142868856,2,True,5.5,ranging
627,2026-05-13T09:52:35.603068+00:00,JPN225ft,LONG,DailyKillSwitch,0.32,0.2640307595834915,SL,-1.2119800000000143,-1.0000000000000118,1.5319800000000143,1.2640307595835032,1.5319800000000143,EXTERNAL,0.23464608181109797,3,True,6.0,volatile
630,2026-05-13T09:52:35.652035+00:00,BTCUSD,LONG,DailyKillSwitch,-2.67,-2.203006650274757,EarlyLossCut_T1-MARGINAL-SCALP,-0.6578483877121889,-0.5427881546825764,-2.012151612287811,-1.6602184955921806,-2.012151612287811,EXTERNAL,0.0,1,True,6.0,volatile
634,2026-05-13T12:31:41.108277+00:00,JPN225ft,LONG,EarlyLossCut,-1.7,-1.347730263679462,SL,0.18920699999998902,0.14999999999999128,-1.889206999999989,-1.4977302636794532,-1.889206999999989,EARLY_LOSS_CUT_EARLY,0.4996169651477733,2,True,5.0,volatile
640,2026-05-13T13:06:46.532366+00:00,XAUUSD,SHORT,[sl 4700.87],0.02,0.015886632987004733,SL,-1.4999999999998148,-0.9999999999998765,1.5199999999998148,1.0158866329868812,1.5199999999998148,SL_OR_TP,0.0,1,True,5.25,ranging
643,2026-05-13T13:11:42.641370+00:00,BTCUSD,LONG,EarlyLossCut,-1.6800000000000002,-1.333227521625268,SL,-1.260099999999995,-0.9999999999999959,-0.41990000000000527,-0.33322752162527214,-0.41990000000000527,EARLY_LOSS_CUT_EARLY,0.0,1,True,6.0,ranging
646,2026-05-13T13:12:47.976990+00:00,XAGUSD,LONG,PeakGiveback,16.15,12.822752246959059,SL,7.050000000000029,4.70000000000002,9.09999999999997,8.122752246959038,9.09999999999997,PEAK_GIVEBACK_EARLY,9.018259278223512,2,True,5.25,ranging
647,2026-05-13T13:20:44.862805+00:00,XAGUSD,LONG,EarlyLossCut,-12.5,-9.965638478526042,SL,7.050000000000029,4.70000000000002,-19.55000000000003,-14.665638478526063,-19.55000000000003,EARLY_LOSS_CUT_EARLY,9.018259278223512,2,True,5.25,ranging
648,2026-05-13T13:31:40.710231+00:00,BTCUSD,LONG,EarlyLossCut,-1.9300000000000002,-1.5295973117129114,SL,-1.261769999999995,-0.9999999999999959,-0.6682300000000052,-0.5295973117129155,-0.6682300000000052,EARLY_LOSS_CUT_EARLY,0.0,1,True,6.0,ranging
649,2026-05-13T13:50:45.142411+00:00,XAUUSD,SHORT,[sl 4696.27],5.05,4.021981522777955,SL,-1.2555999999998448,-0.9999999999998765,6.305599999999845,5.021981522777832,6.305599999999845,SL_OR_TP,0.0,1,True,5.25,ranging
650,2026-05-13T13:54:03.908620+00:00,BTCUSD,LONG,EarlyLossCut,-1.45,-1.1535585291730974,SL,-1.2569799999999949,-0.9999999999999959,-0.19302000000000508,-0.15355852917310153,-0.19302000000000508,EARLY_LOSS_CUT_EARLY,0.0,1,True,6.0,ranging
654,2026-05-13T14:32:09.991719+00:00,XAGUSD,LONG,[sl 87.154],8.6,4.316480921992776,SL,-1.9923637230000182,-1.000000000000009,10.592363723000018,5.316480921992785,10.592363723000018,SL_OR_TP,0.0,1,True,5.75,ranging
656,2026-05-13T14:36:43.260919+00:00,JPN225ft,LONG,PeakGiveback,0.16,0.1276385276895831,SL,-1.2535399999999965,-0.9999999999999971,1.4135399999999965,1.1276385276895802,1.4135399999999965,PEAK_GIVEBACK_EARLY,0.0,1,True,5.0,volatile
659,2026-05-13T14:47:29.172231+00:00,XAGUSD,LONG,[sl 87.537],0.1,0.05028251909148608,SL,-1.9887627312000182,-1.000000000000009,2.0887627312000183,1.0502825190914953,2.0887627312000183,SL_OR_TP,0.0,1,True,5.75,ranging
660,2026-05-13T14:51:03.009437+00:00,XAUUSD,SHORT,[sl 4702.23],0.02,0.016064127998971896,SL,-1.5000000000001683,-1.0000000000001121,1.5200000000001683,1.016064127999084,1.5200000000001683,SL_OR_TP,0.0,1,True,5.75,ranging
661,2026-05-13T14:54:24.574932+00:00,XAGUSD,LONG,[sl 87.280],1.15,0.7266563346549181,SL,-1.5825913092000141,-1.000000000000009,2.7325913092000143,1.726656334654927,2.7325913092000143,SL_OR_TP,0.0,1,True,5.75,ranging
664,2026-05-13T15:42:59.832843+00:00,XAGUSD,LONG,[sl 86.260],2.8,1.7393300578013755,SL,-1.6098152201999956,-0.9999999999999974,4.409815220199995,2.739330057801373,4.409815220199995,SL_OR_TP,0.0,1,True,5.75,ranging
668,2026-05-13T16:34:57.469114+00:00,XAUUSD,SHORT,[sl 4683.84],1.19,0.9385598233299155,SL,-1.267899999999851,-0.9999999999998825,2.457899999999851,1.938559823329798,2.457899999999851,SL_OR_TP,0.0,1,True,5.25,ranging
672,2026-05-13T17:00:46.947597+00:00,BTCUSD,SHORT,[sl 79604.40],0.09,0.07103169592120218,SL,-1.2670399999999964,-0.9999999999999972,1.3570399999999965,1.0710316959211994,1.3570399999999965,SL_OR_TP,0.0,1,False,8.5,volatile
673,2026-05-13T17:03:19.443960+00:00,XAGUSD,LONG,[sl 87.106],0.1,0.023057269032421668,SL,-5.131200000000023,-1.0000000000000044,5.2312000000000225,1.0230572690324262,5.2312000000000225,SL_OR_TP,0.0,1,False,9.25,ranging
674,2026-05-13T17:07:10.264826+00:00,XAUUSD,SHORT,[sl 4675.78],0.02,0.015784323010386084,SL,-1.4999999999999323,-0.9999999999999548,1.5199999999999323,1.015784323010341,1.5199999999999323,SL_OR_TP,0.0,1,True,5.25,volatile
675,2026-05-13T17:38:42.491698+00:00,XAUUSD,SHORT,[sl 4685.81],1.33,0.6452481368799255,SL,9.68774591155961,4.6999999999999655,-8.35774591155961,-4.05475186312004,-8.35774591155961,SL_OR_TP,5.777306307668361,2,True,5.25,volatile
677,2026-05-13T17:51:00.694957+00:00,BTCUSD,SHORT,[sl 79701.66],0.08,0.06435990056395363,SL,0.6215050000000126,0.5000000000000102,-0.5415050000000127,-0.4356400994360566,-0.5415050000000127,SL_OR_TP,0.8164065879153757,2,True,5.75,volatile
681,2026-05-13T18:11:51.756261+00:00,XAGUSD,LONG,[sl 88.406],11.05,2.4837105629199216,SL,17.795954432000006,4.000000000000001,-6.745954432000005,-1.5162894370800792,-6.745954432000005,SL_OR_TP,4.788086338965288,2,False,7.0,ranging
682,2026-05-13T18:19:06.980251+00:00,XAUUSD,SHORT,[sl 4686.50],0.02,0.01605561665609672,SL,-1.4999999999998392,-0.9999999999998928,1.5199999999998393,1.0160556166559895,1.5199999999998393,SL_OR_TP,0.0,1,True,5.25,volatile
685,2026-05-13T18:46:37.267194+00:00,BTCUSD,SHORT,[sl 79249.94],0.19,0.15462239583333334,SL,0.6144000000000059,0.5000000000000049,-0.42440000000000594,-0.3453776041666715,-0.42440000000000594,SL_OR_TP,0.9445847468769482,2,True,5.75,volatile
687,2026-05-13T18:50:21.899352+00:00,JPN225ft,LONG,PeakGiveback,0.48,0.39060274886684515,SL,0.9585185999999947,0.7799999999999957,-0.4785185999999947,-0.38939725113315055,-0.4785185999999947,PEAK_GIVEBACK_EARLY,1.170405133031601,8,True,6.5,ranging
688,2026-05-13T19:01:40.574117+00:00,XAGUSD,LONG,[sl 88.871],3.3,0.7581422492616446,SL,-4.352745151999878,-0.9999999999999718,7.652745151999878,1.7581422492616166,7.652745151999878,SL_OR_TP,0.0,1,False,7.0,volatile
689,2026-05-13T19:48:11.084106+00:00,XAGUSD,LONG,[sl 89.037],0.1,0.022995380467216088,SL,-5.323199999999851,-0.9999999999999718,5.42319999999985,1.0229953804671879,5.42319999999985,SL_OR_TP,0.0,1,False,7.0,volatile
690,2026-05-13T20:22:54.161977+00:00,BTCUSD,SHORT,EarlyLossCut,-2.77,-2.25908527435245,SL,1.6561949657496006e-07,1.3507168442532788e-07,-2.770000165619497,-2.2590854094241344,-2.770000165619497,EARLY_LOSS_CUT_EARLY,0.33011518105586374,6,True,5.75,volatile
691,2026-05-13T20:23:30.672693+00:00,XAUUSD,LONG,[sl 4700.24],0.55,0.25730005144817447,SL,-2.1375821610000427,-1.00000000000002,2.6875821610000425,1.2573000514481945,2.6875821610000425,SL_OR_TP,0.0,1,True,4.5,ranging
692,2026-05-13T20:54:39.620733+00:00,BTCUSD,SHORT,EarlyLossCut,-1.69,-1.3745536767277489,SL,1.6606928528409636e-07,1.3507168442532788e-07,-1.6900001660692852,-1.3745538117994334,-1.6900001660692852,EARLY_LOSS_CUT_EARLY,0.33011518105586374,6,True,5.75,volatile
693,2026-05-13T21:15:28.417366+00:00,XAUUSD,LONG,[sl 4693.24],1.28,0.5988464634848643,SL,-2.137442697000258,-1.000000000000121,3.417442697000258,1.5988464634849853,3.417442697000258,SL_OR_TP,0.0,1,True,4.5,ranging
694,2026-05-13T21:21:04.608411+00:00,BTCUSD,SHORT,[sl 79788.14],-3.25,-2.6502054928566774,SL,1.7534472826931953e-07,1.4298448061624987e-07,-3.250000175344728,-2.650205635841158,-3.250000175344728,SL_OR_TP,0.2953344306852355,5,True,5.5,volatile
695,2026-05-13T21:37:35.019591+00:00,XAGUSD,LONG,EarlyLossCut,-33.4,-17.169054545763885,SL,4.164142499999921,1.749999999999967,-37.56414249999992,-18.919054545763853,-37.56414249999992,EARLY_LOSS_CUT_EARLY,2.2061390451279235,2,True,4.9375,ranging
697,2026-05-13T23:07:18.780752+00:00,XAGUSD,LONG,[sl 87.525],0.1,0.051129179942424705,SL,-1.9558303127999572,-0.9999999999999781,2.0558303127999573,1.0511291799424027,2.0558303127999573,SL_OR_TP,0.0,1,True,4.9375,ranging
698,2026-05-14T00:17:46.053059+00:00,BTCUSD,SHORT,[sl 79418.17],0.07,0.056843096811914316,SL,0.4310110000000142,0.3500000000000115,-0.3610110000000142,-0.29315690318809723,-0.3610110000000142,SL_OR_TP,0.5039493249049997,2,False,7.25,volatile
699,2026-05-14T01:01:29.014995+00:00,XAGUSD,LONG,[sl 87.708],7.75,3.9628328640293042,SL,3.422425437899943,1.7499999999999711,4.327574562100057,2.212832864029333,4.327574562100057,SL_OR_TP,2.439303685667721,2,True,4.9375,ranging
700,2026-05-14T01:09:30.803801+00:00,BTCUSD,SHORT,[sl 79299.40],1.15,0.9341922486413595,SL,0.3693029999999867,0.2999999999999892,0.7806970000000132,0.6341922486413702,0.7806970000000132,SL_OR_TP,0.6807824793383502,2,True,4.25,volatile
701,2026-05-14T01:17:51.253685+00:00,XAUUSD,SHORT,EarlyLossCut,-8.32,-3.8749616711799075,SL,-2.147118011999902,-0.9999999999999543,-6.172881988000098,-2.8749616711799533,-6.172881988000098,EARLY_LOSS_CUT_EARLY,0.0,1,True,4.5,ranging
702,2026-05-14T03:14:45.750940+00:00,BTCUSD,SHORT,EarlyLossCut,-1.52,-1.2301317535851866,SL,2.2691189088859575e-07,1.8363915937376238e-07,-1.5200002269118909,-1.230131937224346,-1.5200002269118909,EARLY_LOSS_CUT_EARLY,0.26952718141102433,3,True,4.75,volatile
703,2026-05-14T03:22:55.197768+00:00,BTCUSD,SHORT,[sl 79481.23],0.35,0.28332280991467934,SL,2.2685679914078364e-07,1.8363915937376238e-07,0.34999977314320085,0.28332262627551996,0.34999977314320085,SL_OR_TP,0.26952718141102433,3,True,4.75,volatile
704,2026-05-14T04:16:37.257982+00:00,BTCUSD,SHORT,[sl 79554.54],0.52,0.4216159241091337,SL,-1.2333500000000144,-1.0000000000000118,1.7533500000000144,1.4216159241091455,1.7533500000000144,SL_OR_TP,0.0,1,True,4.668571428571428,volatile
705,2026-05-14T06:08:27.923167+00:00,BTCUSD,SHORT,[sl 79207.83],1.5,1.2111914086156081,SL,-1.2384499999999876,-0.99999999999999,2.738449999999988,2.211191408615598,2.738449999999988,SL_OR_TP,0.0014080665836596732,2,True,4.668571428571428,volatile
706,2026-05-14T06:26:40.824340+00:00,BTCUSD,SHORT,EarlyLossCut,-1.73,-1.3978103664202317,SL,-1.2376499999999877,-0.99999999999999,-0.4923500000000123,-0.3978103664202417,-0.4923500000000123,EARLY_LOSS_CUT_EARLY,0.0014080665836596732,2,True,4.668571428571428,volatile
707,2026-05-14T06:32:32.790043+00:00,BTCUSD,SHORT,EarlyLossCut,-1.6099999999999999,-1.3011678183214126,SL,-1.2373499999999875,-0.99999999999999,-0.37265000000001236,-0.3011678183214226,-0.37265000000001236,EARLY_LOSS_CUT_EARLY,0.0014080665836596732,2,True,4.668571428571428,volatile
708,2026-05-14T06:41:09.954028+00:00,BTCUSD,SHORT,[sl 79214.74],1.5,1.212268153715602,SL,-1.2373499999999875,-0.99999999999999,2.7373499999999877,2.212268153715592,2.7373499999999877,SL_OR_TP,0.0014080665836596732,2,True,4.668571428571428,volatile
709,2026-05-14T06:57:18.898618+00:00,BTCUSD,SHORT,[sl 78956.58],0.15,0.12106928391554206,SL,-1.2389599999999876,-0.99999999999999,1.3889599999999875,1.121069283915532,1.3889599999999875,SL_OR_TP,0.0014080665836596732,2,True,4.668571428571428,volatile
716,2026-05-14T16:21:36.747644+00:00,XAUUSD,LONG,EarlyLossCut,-11.03,-8.549660305795879,SL,-1.5851999999998923,-0.9999999999999322,-9.444800000000107,-7.549660305795946,-9.444800000000107,EARLY_LOSS_CUT_EARLY,0.0,1,False,7.800000000000001,volatile
718,2026-05-14T17:18:55.448690+00:00,XAUUSD,SHORT,EarlyLossCut,-15.72,-12.277941631890153,SL,2.6155800000001266,1.65000000000008,-18.335580000000128,-13.927941631890233,-18.335580000000128,EARLY_LOSS_CUT_EARLY,2.0667646847324845,2,False,7.800000000000001,volatile
720,2026-05-14T17:30:27.310438+00:00,XAUUSD,SHORT,[sl 4690.82],0.7,0.5469082486033385,SL,2.111871603600102,1.65000000000008,-1.4118716036001022,-1.1030917513967415,-1.4118716036001022,SL_OR_TP,2.0667646847324845,2,False,7.800000000000001,volatile
721,2026-05-14T17:31:48.473507+00:00,XAUUSD,SHORT,[sl 4691.32],0.7,0.5459615960130901,SL,2.1155334156001024,1.65000000000008,-1.4155334156001025,-1.10403840398699,-1.4155334156001025,SL_OR_TP,2.0667646847324845,2,False,7.800000000000001,volatile
722,2026-05-14T17:44:11.008874+00:00,XAUUSD,SHORT,[sl 4687.83],0.7,0.5449733733172305,SL,2.1193695996001023,1.65000000000008,-1.4193695996001023,-1.1050266266828497,-1.4193695996001023,SL_OR_TP,2.0667646847324845,2,False,7.800000000000001,volatile
723,2026-05-14T18:00:38.607101+00:00,BTCUSD,LONG,[sl 81089.49],0.61,0.5046535677352637,SL,0.3021874999999918,0.2499999999999932,0.3078125000000082,0.2546535677352705,0.3078125000000082,SL_OR_TP,0.37330561981459964,2,False,8.75,volatile
726,2026-05-14T18:27:13.058054+00:00,XAUUSD,SHORT,EarlyLossCut_T2-MARGINAL,-10.75,-8.579516562071161,SL,4.755600000000072,3.000000000000046,-15.505600000000072,-11.579516562071207,-15.505600000000072,EARLY_LOSS_CUT_EARLY,3.8994360236600283,2,False,7.800000000000001,volatile
727,2026-05-14T19:09:56.675497+00:00,BTCUSD,LONG,[sl 81111.89],0.62,0.5230566757217339,SL,0.41486900000000176,0.3500000000000015,0.20513099999999823,0.1730566757217324,0.20513099999999823,SL_OR_TP,0.5257317859273055,2,False,8.75,volatile
728,2026-05-14T19:09:56.705398+00:00,XAUUSD,SHORT,[sl 4685.51],0.7,0.5588075886504813,SL,5.010669248000096,4.000000000000077,-4.310669248000096,-3.441192411349596,-4.310669248000096,SL_OR_TP,4.8766996222012615,3,False,7.800000000000001,volatile
733,2026-05-14T20:14:07.832547+00:00,BTCUSD,LONG,[sl 81796.69],1.99,1.6788998565763942,SL,0.2963250000000078,0.25000000000000655,1.6936749999999923,1.4288998565763875,1.6936749999999923,SL_OR_TP,0.38328492403731507,2,False,8.75,volatile
740,2026-05-15T03:41:44.129581+00:00,JPN225ft,LONG,[sl 62566.78],-3.11,-2.6307998138984052,SL,-1.182149999999999,-0.999999999999999,-1.927850000000001,-1.6307998138984061,-1.927850000000001,SL_OR_TP,0.0,1,True,6.25,volatile
741,2026-05-15T09:00:24.993491+00:00,XAUUSD,SHORT,[sl 4559.98],0.47,0.39217322374734026,SL,-1.1984499999999834,-0.9999999999999861,1.6684499999999833,1.3921732237473263,1.6684499999999833,SL_OR_TP,0.0,1,False,8.25,volatile
742,2026-05-15T09:39:27.893207+00:00,XAUUSD,SHORT,[sl 4574.56],1.9300000000000002,1.6112066518624883,SL,-1.1978599999999833,-0.9999999999999861,3.127859999999983,2.6112066518624744,3.127859999999983,SL_OR_TP,0.0,1,False,8.25,volatile
753,2026-05-15T20:35:51.064537+00:00,BTCUSD,SHORT,EarlyLossCut_T1-MARGINAL-SCALP,-3.58,-3.008858482795717,SL,0.03569460000000685,0.03000000000000576,-3.615694600000007,-3.038858482795723,-3.615694600000007,EARLY_LOSS_CUT_EARLY,0.11039405969902706,3,False,7.888352272727273,volatile
754,2026-05-16T12:13:49.926887+00:00,BTCUSD,SHORT,[sl 78331.32],0.31,0.2346338823006268,SL,0.6606036540000023,0.5000000000000017,-0.3506036540000023,-0.2653661176993749,-0.3506036540000023,SL_OR_TP,0.7798905623896616,2,False,9.690028409090909,volatile
755,2026-05-16T13:32:23.847391+00:00,BTCUSD,SHORT,PeakGiveback,1.9300000000000002,1.460785138194225,SL,0.15854487696000155,0.12000000000000115,1.7714551230399986,1.3407851381942237,1.7714551230399986,PEAK_GIVEBACK_EARLY,0.18168445631306454,2,False,9.690028409090909,volatile
756,2026-05-17T05:11:16.110936+00:00,BTCUSD,SHORT,EarlyLossCut_T1-MARGINAL-SCALP,-1.81,-1.5230690261614452,SL,-1.1883900000000187,-1.0000000000000158,-0.6216099999999813,-0.5230690261614295,-0.6216099999999813,EARLY_LOSS_CUT_EARLY,0.02747115458714605,3,False,7.850308441558441,volatile
757,2026-05-17T06:39:37.970423+00:00,BTCUSD,SHORT,EarlyLossCut_T1-MARGINAL-SCALP,-1.58,-1.3295298681409302,SL,-1.1883900000000103,-1.0000000000000087,-0.3916099999999898,-0.32952986814092156,-0.3916099999999898,EARLY_LOSS_CUT_EARLY,0.0,2,False,7.850308441558441,volatile
758,2026-05-18T01:02:21.156687+00:00,JPN225ft,SHORT,PeakGiveback,0.95,0.7989033999646799,SL,1.4864124999999884,1.24999999999999,-0.5364124999999884,-0.45109660003531016,-0.5364124999999884,PEAK_GIVEBACK_EARLY,1.9203955269895334,2,True,5.25,volatile
761,2026-05-18T03:03:02.945860+00:00,BTCUSD,SHORT,[sl 77358.98],0.88,0.7401986760537318,SL,0.4161045000000132,0.35000000000001114,0.4638954999999868,0.39019867605372066,0.4638954999999868,SL_OR_TP,0.5632574952223737,2,False,8.85937905844156,volatile
763,2026-05-18T04:08:14.766073+00:00,BTCUSD,SHORT,[sl 77160.06],0.36,0.3031476834464523,SL,0.20188180000001218,0.17000000000001025,0.1581181999999878,0.13314768344644207,0.1581181999999878,SL_OR_TP,0.34007622069437526,2,False,8.67437905844156,volatile
765,2026-05-18T07:26:49.044614+00:00,BTCUSD,SHORT,[sl 76839.88],0.9,0.7535921224503467,SL,0.03582839999999572,0.02999999999999642,0.8641716000000043,0.7235921224503503,0.8641716000000043,SL_OR_TP,0.1119170421670589,2,False,8.62501893939394,volatile
766,2026-05-18T09:07:33.481837+00:00,BTCUSD,SHORT,[sl 76820.82],0.81,0.681433871469794,SL,0.20207390000001024,0.1700000000000086,0.6079260999999898,0.5114338714697854,0.6079260999999898,SL_OR_TP,0.315243526714303,2,False,8.62501893939394,volatile
767,2026-05-18T10:11:34.417672+00:00,BTCUSD,SHORT,[sl 76909.89],0.33,0.277404169468729,SL,0.035687999999992455,0.029999999999993657,0.29431200000000757,0.24740416946873534,0.29431200000000757,SL_OR_TP,0.1152861572944901,2,False,8.62501893939394,volatile
771,2026-05-18T14:40:24.682366+00:00,BTCUSD,SHORT,[sl 77222.30],-4.08,-1.6026500395357741,SL,-2.5457834832000126,-1.000000000000005,-1.5342165167999875,-0.602650039535769,-1.5342165167999875,SL_OR_TP,0.0,1,False,8.5407683982684,volatile
773,2026-05-18T14:41:59.911173+00:00,JPN225ft,SHORT,EarlyLossCut_T1-MARGINAL-SCALP,-4.88,-4.001082259955561,SL,-1.2196700000000074,-1.000000000000006,-3.6603299999999925,-3.001082259955555,-3.6603299999999925,EARLY_LOSS_CUT_EARLY,0.0,1,False,9.5,volatile
774,2026-05-18T15:46:18.227044+00:00,BTCUSD,SHORT,[sl 77337.62],0.0,0.0,SL,-3.1319100000000235,-1.0000000000000075,3.1319100000000235,1.0000000000000075,3.1319100000000235,SL_OR_TP,0.0,1,False,8.5407683982684,volatile
777,2026-05-18T17:00:39.725873+00:00,BTCUSD,SHORT,[sl 76893.44],0.18,0.14800927524791552,SL,0.36484200000000516,0.3000000000000042,-0.18484200000000517,-0.1519907247520887,-0.18484200000000517,SL_OR_TP,0.648972264855055,2,True,6.5,volatile
782,2026-05-18T19:24:50.556305+00:00,BTCUSD,SHORT,[sl 76487.93],0.44,0.3621130945032878,SL,0.18226350000000452,0.1500000000000037,0.2577364999999955,0.2121130945032841,0.2577364999999955,SL_OR_TP,0.39285368141712856,2,True,6.488333333333332,volatile
784,2026-05-18T20:39:32.193954+00:00,BTCUSD,SHORT,[sl 76606.39],0.19,0.1563142739613328,SL,0.9480899999999899,0.7799999999999917,-0.7580899999999899,-0.6236857260386589,-0.7580899999999899,SL_OR_TP,1.1920916979778766,2,True,4.043749999999999,volatile
785,2026-05-18T21:26:12.782856+00:00,BTCUSD,SHORT,[sl 76215.75],1.01,0.8308039056009343,SL,0.9482382000000107,0.7800000000000087,0.06176179999998932,0.050803905600925625,0.06176179999998932,SL_OR_TP,1.0420253762117122,2,True,4.043749999999999,volatile
786,2026-05-18T22:01:48.097234+00:00,USDJPY,LONG,[sl 158.865],-1.4,-0.8296598639100212,SL,-1.68743850449996,-0.9999999999999762,0.2874385044999601,0.17034013608995502,0.2874385044999601,SL_OR_TP,0.0,1,False,8.5,ranging
789,2026-05-18T22:15:05.710922+00:00,BTCUSD,SHORT,[sl 76651.33],0.0,0.0,SL,1.8947962482337025e-07,1.2631974988224683e-07,-1.8947962482337025e-07,-1.2631974988224683e-07,-1.8947962482337025e-07,SL_OR_TP,0.25260159184159864,3,True,4.043749999999999,volatile
790,2026-05-18T23:06:53.432254+00:00,BTCUSD,SHORT,[sl 76941.10],0.46,0.37838593720438596,SL,1.6251375634186865e-07,1.3368026087396344e-07,0.4599998374862437,0.3783858035241251,0.4599998374862437,SL_OR_TP,0.2673204049726283,2,True,4.043749999999999,volatile
794,2026-05-19T05:50:02.715370+00:00,BTCUSD,SHORT,[sl 76744.57],0.0,0.0,SL,2.224899430242517e-07,1.4832662868283447e-07,-2.224899430242517e-07,-1.4832662868283447e-07,-2.224899430242517e-07,SL_OR_TP,0.31936204904812404,2,True,4.2560714285714285,ranging
795,2026-05-19T07:01:20.622471+00:00,BTCUSD,SHORT,[sl 76776.30],0.17,0.13915605942782303,SL,2.0209096967247984e-07,1.654246057974705e-07,0.16999979790903033,0.13915589400321723,0.16999979790903033,SL_OR_TP,0.270783524368332,2,True,4.2560714285714285,ranging
802,2026-05-19T17:00:53.406317+00:00,XAUUSD,SHORT,[sl 4498.99],1.3599999999999999,0.7457664284642546,SL,-1.8236272753663514,-0.9999999999999734,3.1836272753663515,1.7457664284642278,3.1836272753663515,SL_OR_TP,0.0,1,False,10.02288961038961,volatile
803,2026-05-19T17:20:43.447293+00:00,XAUUSD,SHORT,[sl 4492.41],2.32,1.2727510728627256,SL,-1.8228230558719511,-0.9999999999999734,4.1428230558719505,2.272751072862699,4.1428230558719505,SL_OR_TP,0.0,1,False,10.02288961038961,volatile
806,2026-05-19T19:03:26.800705+00:00,JPN225ft,SHORT,PeakGiveback,2.08,1.69734952343648,SL,0.18381599999999215,0.14999999999999358,1.8961840000000079,1.5473495234364862,1.8961840000000079,PEAK_GIVEBACK_EARLY,0.46731673518101335,3,True,6.75,volatile
809,2026-05-19T19:32:50.628963+00:00,BTCUSD,SHORT,EarlyLossCut_T1-MARGINAL-SCALP,-3.4699999999999998,-2.817175842108254,SL,1.8324011358588785e-07,1.4876646146954922e-07,-3.4700001832401135,-2.8171759908747154,-3.4700001832401135,EARLY_LOSS_CUT_EARLY,0.34861930924920775,3,True,4.793560606060606,ranging
810,2026-05-19T20:31:29.854966+00:00,BTCUSD,SHORT,[sl 76870.81],0.95,0.7649261242401062,SL,0.18629249999998623,0.1499999999999889,0.7637075000000138,0.6149261242401173,0.7637075000000138,SL_OR_TP,0.3683591466271789,2,True,4.793560606060606,ranging
811,2026-05-19T23:01:44.316777+00:00,XAUUSD,SHORT,[sl 4482.70],0.42,0.24657843034283278,SL,2.043974403192066,1.2000000000000668,-1.623974403192066,-0.953421569657234,-1.623974403192066,SL_OR_TP,1.6271719841661698,2,False,7.86875,volatile
822,2026-05-20T16:41:02.769817+00:00,JPN225ft,SHORT,[sl 60524.29],-4.44,-3.544004725339634,SL,-1.2528200000000118,-1.0000000000000093,-3.1871799999999886,-2.5440047253396245,-3.1871799999999886,SL_OR_TP,0.0,1,True,6.0,volatile
830,2026-05-21T11:21:20.347897+00:00,JPN225ft,LONG,PeakGiveback,1.04,0.8418326048243484,SL,1.5442499999999957,1.2499999999999964,-0.5042499999999956,-0.40816739517564804,-0.5042499999999956,PEAK_GIVEBACK_EARLY,1.6034896371294265,2,True,6.75,volatile
832,2026-05-21T13:31:15.676230+00:00,BTCUSD,SHORT,[sl 77298.90],0.3,0.24252223120452707,SL,0.18554999999999097,0.1499999999999927,0.11445000000000902,0.09252223120453437,0.11445000000000902,SL_OR_TP,0.36528861158649173,3,True,3.7625,ranging
836,2026-05-21T15:02:25.517863+00:00,BTCUSD,SHORT,[sl 77210.27],0.0,0.0,SL,0.22499999999998505,0.14999999999999003,-0.22499999999998505,-0.14999999999999003,-0.22499999999998505,SL_OR_TP,0.47326862622011706,2,True,5.220909090909091,volatile
837,2026-05-21T15:50:19.048914+00:00,USDJPY,LONG,EarlyLossCut_T1-MARGINAL-SCALP,-0.34,-0.2483501968595314,SL,0.0006191261280735782,0.0004522355758469194,-0.3406191261280736,-0.24880243243537833,-0.3406191261280736,EARLY_LOSS_CUT_EARLY,0.6059956716146924,2,False,8.75,volatile
838,2026-05-21T16:00:15.726495+00:00,XAUUSD,SHORT,[sl 4501.49],0.9,0.5371317226171,SL,-1.6755666480001254,-1.0000000000000748,2.5755666480001254,1.5371317226171748,2.5755666480001254,SL_OR_TP,0.0,1,False,8.7853125,volatile
839,2026-05-21T16:16:05.133151+00:00,BTCUSD,SHORT,[sl 77236.96],0.29,0.2355750875283299,SL,0.6155150000000137,0.5000000000000111,-0.3255150000000137,-0.2644249124716812,-0.3255150000000137,SL_OR_TP,0.8885613270549091,2,True,3.8005641233766236,volatile
840,2026-05-21T16:41:48.226399+00:00,JPN225ft,SHORT,EarlyLossCut_T1-MARGINAL-SCALP,-1.38,-1.1221245558256965,SL,-1.2298099999999876,-0.9999999999999899,-0.15019000000001226,-0.12212455582570658,-0.15019000000001226,EARLY_LOSS_CUT_EARLY,0.0,1,True,6.75,volatile
841,2026-05-21T17:16:15.745073+00:00,BTCUSD,SHORT,[sl 76992.33],0.36,0.29289247591772977,SL,0.3687360000000137,0.30000000000001115,-0.008736000000013733,-0.00710752408228138,-0.008736000000013733,SL_OR_TP,0.6716436364029374,2,True,3.8005641233766236,volatile
842,2026-05-21T17:16:16.504428+00:00,BTCUSD,SHORT,[sl 76992.33],0.33,0.2684847695912523,SL,0.3687360000000137,0.30000000000001115,-0.038736000000013704,-0.031515230408758865,-0.038736000000013704,SL_OR_TP,0.6716436364029374,2,True,3.8005641233766236,volatile
846,2026-05-21T17:49:12.424863+00:00,BTCUSD,SHORT,[sl 76939.56],0.14,0.11390355623174495,SL,0.3687330000000137,0.30000000000001115,-0.22873300000001368,-0.1860964437682662,-0.22873300000001368,SL_OR_TP,0.6716436364029374,2,True,3.8005641233766236,volatile
847,2026-05-21T17:53:19.105569+00:00,USDJPY,LONG,EarlyLossCut_T1-MARGINAL-SCALP,-0.49,-0.35867066739640774,SL,-1.3661557649999836,-0.999999999999988,0.8761557649999836,0.6413293326035803,0.8761557649999836,EARLY_LOSS_CUT_EARLY,0.16496491236573027,3,False,8.75,volatile
852,2026-05-21T19:20:26.682171+00:00,BTCUSD,SHORT,[sl 77205.32],0.73,0.5920807176342725,SL,-1.232939999999988,-0.99999999999999,1.962939999999988,1.5920807176342624,1.962939999999988,SL_OR_TP,0.0,1,True,3.8005641233766236,volatile
