id,ts,symbol,direction,live_reason,live_pnl,live_r,bt_reason,bt_pnl,bt_r,divergence,divergence_r,divergence_dollar_raw,category,bt_peak_r,bt_bars
97,2026-04-23T13:20:44.269069+00:00,SP500.r,SHORT,[sl 7107.58],0.39,0.0,SL,-2.2118220000001947,-1.000000000000088,2.601822000000195,1.000000000000088,2.601822000000195,SL_OR_TP,0.0,1
102,2026-04-23T15:15:09.458378+00:00,SP500.r,LONG,[sl 7137.28],0.47,0.0,SL,-7.953659999999399,-0.9999999999999245,8.4236599999994,0.9999999999999245,8.4236599999994,SL_OR_TP,0.0,1
107,2026-04-23T15:49:16.291756+00:00,SP500.r,LONG,GuardianDayLoss,-1.47,0.0,SL,-7.953659999999399,-0.9999999999999245,6.483659999999399,0.9999999999999245,6.483659999999399,EXTERNAL,0.0,1
113,2026-04-27T09:17:21.222965+00:00,USDCAD,SHORT,[sl 1.36638],-3.16,0.0,SL,-9.528623999999608,-0.999999999999959,6.368623999999608,0.999999999999959,6.368623999999608,SL_OR_TP,0.0,1
114,2026-04-27T09:17:21.245979+00:00,USDCAD,SHORT,[sl 1.36638],-1.8399999999999999,0.0,SL,-9.528623999999608,-0.999999999999959,7.688623999999608,0.999999999999959,7.688623999999608,SL_OR_TP,0.0,1
115,2026-04-27T09:17:21.266912+00:00,USDCAD,SHORT,[sl 1.36638],-1.32,0.0,SL,-9.528623999999608,-0.999999999999959,8.208623999999608,0.999999999999959,8.208623999999608,SL_OR_TP,0.0,1
117,2026-04-27T10:17:56.469296+00:00,USDCAD,SHORT,[sl 1.36545],-5.6899999999999995,0.0,SL,0.4068817986826348,0.04270100265081662,-6.0968817986826345,-0.04270100265081662,-6.0968817986826345,SL_OR_TP,0.8283994514259562,7
118,2026-04-27T10:17:56.525370+00:00,USDCAD,SHORT,[sl 1.36545],-3.25,0.0,SL,0.4068817986826348,0.04270100265081662,-3.656881798682635,-0.04270100265081662,-3.656881798682635,SL_OR_TP,0.8283994514259562,7
119,2026-04-27T10:17:56.564501+00:00,USDCAD,SHORT,[sl 1.36545],-2.17,0.0,SL,0.4068817986826348,0.04270100265081662,-2.576881798682635,-0.04270100265081662,-2.576881798682635,SL_OR_TP,0.8283994514259562,7
120,2026-04-27T10:25:48.821196+00:00,USDCAD,SHORT,[sl 1.36496],5.6899999999999995,0.0,SL,0.4068817986826348,0.04270100265081662,5.2831182013173645,-0.04270100265081662,5.2831182013173645,SL_OR_TP,0.8283994514259562,7
121,2026-04-27T10:25:48.865711+00:00,USDCAD,SHORT,[sl 1.36496],3.25,0.0,SL,0.4068817986826348,0.04270100265081662,2.843118201317365,-0.04270100265081662,2.843118201317365,SL_OR_TP,0.8283994514259562,7
122,2026-04-27T10:26:31.244031+00:00,USDCAD,SHORT,[sl 1.36507],1.52,0.0,SL,0.4068817986826348,0.04270100265081662,1.1131182013173653,-0.04270100265081662,1.1131182013173653,SL_OR_TP,0.8283994514259562,7
123,2026-04-27T10:53:37.594056+00:00,USDCAD,SHORT,[tp 1.36396],11.39,0.0,SL,-4.602024000000014,-1.0000000000000033,15.992024000000015,1.0000000000000033,15.992024000000015,SL_OR_TP,0.0,1
124,2026-04-27T10:59:15.624100+00:00,USDCAD,SHORT,[tp 1.36358],9.77,0.0,SL,-4.602024000000014,-1.0000000000000033,14.372024000000014,1.0000000000000033,14.372024000000014,SL_OR_TP,0.0,1
125,2026-04-27T11:16:39.137925+00:00,USDCAD,SHORT,[sl 1.36286],10.8,0.0,SL,-9.443340000000072,-1.0000000000000075,20.243340000000074,1.0000000000000075,20.243340000000074,SL_OR_TP,0.5828356621702413,22
126,2026-04-27T11:20:30.890298+00:00,EURUSD,LONG,[sl 1.17390],-2.65,0.0,SL,-3.2921280000008553,-1.0000000000002598,0.6421280000008553,1.0000000000002598,0.6421280000008553,SL_OR_TP,0.0,1
127,2026-04-27T11:20:30.917225+00:00,EURUSD,LONG,[sl 1.17390],-1.5899999999999999,0.0,SL,-3.2921280000008553,-1.0000000000002598,1.7021280000008554,1.0000000000002598,1.7021280000008554,SL_OR_TP,0.0,1
128,2026-04-27T11:20:30.937519+00:00,EURUSD,LONG,[sl 1.17390],-0.96,0.0,SL,-3.2921280000008553,-1.0000000000002598,2.3321280000008553,1.0000000000002598,2.3321280000008553,SL_OR_TP,0.0,1
129,2026-04-27T11:27:18.349030+00:00,USDCAD,SHORT,[sl 1.36244],4.93,0.0,SL,-9.443340000000072,-1.0000000000000075,14.373340000000072,1.0000000000000075,14.373340000000072,SL_OR_TP,0.5828356621702413,22
130,2026-04-27T11:27:18.370740+00:00,USDCAD,SHORT,[sl 1.36244],3.24,0.0,SL,-9.443340000000072,-1.0000000000000075,12.683340000000072,1.0000000000000075,12.683340000000072,SL_OR_TP,0.5828356621702413,22
131,2026-04-27T11:33:45.261352+00:00,USDCAD,SHORT,[sl 1.36244],2.0,0.0,SL,-9.443340000000072,-1.0000000000000075,11.443340000000072,1.0000000000000075,11.443340000000072,SL_OR_TP,0.5173097593225753,22
132,2026-04-27T11:55:47.297477+00:00,USDCAD,SHORT,[sl 1.36130],3.24,0.0,SL,-9.443340000000072,-1.0000000000000075,12.683340000000072,1.0000000000000075,12.683340000000072,SL_OR_TP,0.5173097593225753,22
133,2026-04-27T11:55:47.311780+00:00,USDCAD,SHORT,[sl 1.36130],2.01,0.0,SL,-9.443340000000072,-1.0000000000000075,11.453340000000072,1.0000000000000075,11.453340000000072,SL_OR_TP,0.5173097593225753,22
134,2026-04-27T11:57:14.971543+00:00,USDCAD,SHORT,[sl 1.36142],0.53,0.0,SL,-9.443340000000072,-1.0000000000000075,9.973340000000071,1.0000000000000075,9.973340000000071,SL_OR_TP,0.5173097593225753,22
135,2026-04-27T12:07:01.386303+00:00,EURJPY,LONG,[sl 186.951],0.03,0.0,SL,-2.7972599999999104,-0.9999999999999678,2.82725999999991,0.9999999999999678,2.82725999999991,SL_OR_TP,0.4787369652277783,18
136,2026-04-27T12:18:17.329009+00:00,USDCAD,SHORT,[sl 1.36141],3.04,0.0,SL,-9.443339999999864,-0.9999999999999856,12.483339999999863,0.9999999999999856,12.483339999999863,SL_OR_TP,0.5300975654263445,21
137,2026-04-27T12:18:17.380715+00:00,USDCAD,SHORT,[sl 1.36141],1.8599999999999999,0.0,SL,-9.443339999999864,-0.9999999999999856,11.303339999999864,0.9999999999999856,11.303339999999864,SL_OR_TP,0.5300975654263445,21
138,2026-04-27T12:20:57.493766+00:00,EURUSD,LONG,[sl 1.17449],-2.7,0.0,SL,-3.2921279999989004,-0.999999999999666,0.5921279999989002,0.999999999999666,0.5921279999989002,SL_OR_TP,0.0,1
139,2026-04-27T12:20:57.757521+00:00,EURUSD,LONG,[sl 1.17449],-1.5899999999999999,0.0,SL,-3.2921279999989004,-0.999999999999666,1.7021279999989005,0.999999999999666,1.7021279999989005,SL_OR_TP,0.0,1
140,2026-04-27T12:20:57.773654+00:00,EURUSD,LONG,[sl 1.17449],-1.08,0.0,SL,-3.2921279999989004,-0.999999999999666,2.2121279999989003,0.999999999999666,2.2121279999989003,SL_OR_TP,0.0,1
141,2026-04-27T13:14:22.021622+00:00,EURUSD,LONG,[sl 1.17398],-2.7,0.0,SL,-3.2921279999998485,-0.999999999999954,0.5921279999998483,0.999999999999954,0.5921279999998483,SL_OR_TP,0.0,1
142,2026-04-27T13:14:22.039344+00:00,EURUSD,LONG,[sl 1.17398],-1.62,0.0,SL,-3.2921279999998485,-0.999999999999954,1.6721279999998484,0.999999999999954,1.6721279999998484,SL_OR_TP,0.0,1
143,2026-04-27T13:14:22.407953+00:00,EURUSD,LONG,[sl 1.17398],-1.08,0.0,SL,-3.2921279999998485,-0.999999999999954,2.2121279999998484,0.999999999999954,2.2121279999998484,SL_OR_TP,0.0,1
144,2026-04-27T13:18:01.266903+00:00,USDCAD,SHORT,[sl 1.36123],2.11,0.0,SL,-5.349708000000108,-1.0000000000000202,7.4597080000001075,1.0000000000000202,7.4597080000001075,SL_OR_TP,0.1767033652109218,9
145,2026-04-27T13:24:37.201692+00:00,GBPJPY,LONG,[sl 215.758],0.01,0.0,SL,-2.9062799999999713,-0.99999999999999,2.916279999999971,0.99999999999999,2.916279999999971,SL_OR_TP,0.312572797719617,3
146,2026-04-27T14:09:52.349233+00:00,USDCAD,SHORT,[sl 1.36083],0.6,0.0,SL,-12.598848000000219,-1.0000000000000175,13.198848000000218,1.0000000000000175,13.198848000000218,SL_OR_TP,0.474865231106106,15
147,2026-04-27T14:09:52.406046+00:00,USDCAD,SHORT,[sl 1.36083],0.29,0.0,SL,-12.598848000000219,-1.0000000000000175,12.888848000000218,1.0000000000000175,12.888848000000218,SL_OR_TP,0.474865231106106,15
148,2026-04-27T14:13:34.145555+00:00,USDCAD,SHORT,[sl 1.36149],-1.28,0.0,SL,-12.598848000000219,-1.0000000000000175,11.31884800000022,1.0000000000000175,11.31884800000022,SL_OR_TP,0.474865231106106,15
149,2026-04-27T14:16:08.980799+00:00,USDCAD,SHORT,[sl 1.36134],0.73,0.0,SL,-12.598848000000219,-1.0000000000000175,13.32884800000022,1.0000000000000175,13.32884800000022,SL_OR_TP,0.474865231106106,15
150,2026-04-27T14:21:13.473104+00:00,USDCAD,SHORT,[sl 1.36134],0.44,0.0,SL,-12.598848000000219,-1.0000000000000175,13.038848000000218,1.0000000000000175,13.038848000000218,SL_OR_TP,0.474865231106106,15
151,2026-04-27T14:30:03.746488+00:00,USDCAD,SHORT,[sl 1.36128],0.65,0.0,SL,-12.598848000000219,-1.0000000000000175,13.24884800000022,1.0000000000000175,13.24884800000022,SL_OR_TP,0.474865231106106,15
152,2026-04-27T14:54:50.062764+00:00,GER40.r,LONG,[sl 24323.23],7.44,0.0,SL,3.7228210441752666e-06,6.784950726415133e-07,7.439996277178956,-6.784950726415133e-07,7.439996277178956,SL_OR_TP,0.37690400866206386,2
153,2026-04-27T15:00:27.182167+00:00,USDCAD,SHORT,[sl 1.36109],1.62,0.0,SL,-5.34970800000002,-1.0000000000000038,6.96970800000002,1.0000000000000038,6.96970800000002,SL_OR_TP,0.1983386327307494,7
154,2026-04-27T15:00:27.204363+00:00,USDCAD,SHORT,[sl 1.36109],0.97,0.0,SL,-5.34970800000002,-1.0000000000000038,6.31970800000002,1.0000000000000038,6.31970800000002,SL_OR_TP,0.1983386327307494,7
155,2026-04-27T15:23:03.863385+00:00,USDCAD,SHORT,[sl 1.36018],6.0,0.0,SL,-5.34970800000002,-1.0000000000000038,11.349708000000021,1.0000000000000038,11.349708000000021,SL_OR_TP,0.1983386327307494,7
156,2026-04-27T15:24:58.932148+00:00,GBPJPY,LONG,[sl 215.913],0.89,0.0,SL,-2.9062800000000704,-1.0000000000000242,3.7962800000000705,1.0000000000000242,3.7962800000000705,SL_OR_TP,0.0865189913332307,15
157,2026-04-27T15:36:48.999717+00:00,USDCAD,SHORT,[sl 1.36033],-4.29,0.0,SL,-5.34970800000002,-1.0000000000000038,1.05970800000002,1.0000000000000038,1.05970800000002,SL_OR_TP,0.1983386327307494,7
158,2026-04-27T15:36:49.034219+00:00,USDCAD,SHORT,[sl 1.36033],-2.34,0.0,SL,-5.34970800000002,-1.0000000000000038,3.0097080000000203,1.0000000000000038,3.0097080000000203,SL_OR_TP,0.1983386327307494,7
159,2026-04-27T15:36:49.059223+00:00,USDCAD,SHORT,[sl 1.36033],-1.56,0.0,SL,-5.34970800000002,-1.0000000000000038,3.78970800000002,1.0000000000000038,3.78970800000002,SL_OR_TP,0.1983386327307494,7
160,2026-04-27T16:30:14.812453+00:00,USDCAD,SHORT,[sl 1.36069],-4.2,0.0,SL,-5.34970799999979,-0.9999999999999608,1.14970799999979,0.9999999999999608,1.14970799999979,SL_OR_TP,0.11112701072424058,6
161,2026-04-27T16:30:14.830645+00:00,USDCAD,SHORT,[sl 1.36069],-2.29,0.0,SL,-5.34970799999979,-0.9999999999999608,3.05970799999979,0.9999999999999608,3.05970799999979,SL_OR_TP,0.11112701072424058,6
162,2026-04-27T16:30:14.840488+00:00,USDCAD,SHORT,[sl 1.36069],-1.56,0.0,SL,-5.34970799999979,-0.9999999999999608,3.78970799999979,0.9999999999999608,3.78970799999979,SL_OR_TP,0.11112701072424058,6
163,2026-04-27T16:48:57.066695+00:00,USDCAD,SHORT,[sl 1.36108],-10.32,0.0,SL,-5.34970799999979,-0.9999999999999608,-4.97029200000021,0.9999999999999608,-4.97029200000021,SL_OR_TP,0.11112701072424058,6
164,2026-04-27T16:48:57.096628+00:00,USDCAD,SHORT,[sl 1.36108],-5.95,0.0,SL,-5.34970799999979,-0.9999999999999608,-0.6002920000002101,0.9999999999999608,-0.6002920000002101,SL_OR_TP,0.11112701072424058,6
165,2026-04-27T16:48:57.117518+00:00,USDCAD,SHORT,[sl 1.36108],-3.9699999999999998,0.0,SL,-5.34970799999979,-0.9999999999999608,1.3797079999997903,0.9999999999999608,1.3797079999997903,SL_OR_TP,0.11112701072424058,6
166,2026-04-27T17:07:04.573458+00:00,USDCAD,SHORT,[sl 1.36069],4.96,0.0,SL,-5.3497079999999135,-0.9999999999999839,10.309707999999913,0.9999999999999839,10.309707999999913,SL_OR_TP,0.0,6
167,2026-04-27T17:14:51.285797+00:00,USDCAD,SHORT,[sl 1.36074],1.54,0.0,SL,-5.3497079999999135,-0.9999999999999839,6.889707999999914,0.9999999999999839,6.889707999999914,SL_OR_TP,0.0,6
168,2026-04-27T17:24:47.869780+00:00,USDCAD,SHORT,[sl 1.36041],6.06,0.0,SL,-5.3497079999999135,-0.9999999999999839,11.409707999999913,0.9999999999999839,11.409707999999913,SL_OR_TP,0.0,6
171,2026-04-27T17:37:59.304012+00:00,USDCAD,SHORT,[sl 1.36042],1.69,0.0,SL,-5.3497079999999135,-0.9999999999999839,7.039707999999914,0.9999999999999839,7.039707999999914,SL_OR_TP,0.0,6
172,2026-04-27T17:39:18.485102+00:00,USDCAD,SHORT,[sl 1.36053],0.44,0.0,SL,-5.3497079999999135,-0.9999999999999839,5.789707999999914,0.9999999999999839,5.789707999999914,SL_OR_TP,0.0,6
173,2026-04-27T17:39:18.588559+00:00,USDCAD,SHORT,[sl 1.36053],0.29,0.0,SL,-5.3497079999999135,-0.9999999999999839,5.639707999999914,0.9999999999999839,5.639707999999914,SL_OR_TP,0.0,6
174,2026-04-27T17:51:19.057783+00:00,GER40.r,LONG,GuardianStaleLoser,-18.97,0.0,SL,2.028203524262114e-06,4.92861401321483e-07,-18.970002028203524,-4.92861401321483e-07,-18.970002028203524,GUARDIAN_STALE,0.4287894143825539,6
175,2026-04-27T17:53:10.061678+00:00,USDCAD,SHORT,[sl 1.36094],-4.11,0.0,SL,-5.3497079999999135,-0.9999999999999839,1.2397079999999132,0.9999999999999839,1.2397079999999132,SL_OR_TP,0.0,6
176,2026-04-27T17:53:10.075959+00:00,USDCAD,SHORT,[sl 1.36094],-2.4699999999999998,0.0,SL,-5.3497079999999135,-0.9999999999999839,2.879707999999914,0.9999999999999839,2.879707999999914,SL_OR_TP,0.0,6
177,2026-04-27T17:53:10.084219+00:00,USDCAD,SHORT,[sl 1.36094],-1.65,0.0,SL,-5.3497079999999135,-0.9999999999999839,3.6997079999999136,0.9999999999999839,3.6997079999999136,SL_OR_TP,0.0,6
178,2026-04-27T18:12:57.703542+00:00,GER40.r,SHORT,[sl 24068.00],2.04,0.0,SL,2.035468727021194e-06,4.946268740513599e-07,2.039997964531273,-4.946268740513599e-07,2.039997964531273,SL_OR_TP,0.4229059726121865,14
179,2026-04-27T18:13:27.334303+00:00,JPN225ft,LONG,DailyKillSwitch,-4.64,0.0,SL,-5.486879999999978,-0.9999999999999959,0.8468799999999783,0.9999999999999959,0.8468799999999783,EXTERNAL,0.0,1
180,2026-04-27T18:13:27.343732+00:00,GER40.r,SHORT,DailyKillSwitch,-0.88,0.0,SL,2.035468727021194e-06,4.946268740513599e-07,-0.880002035468727,-4.946268740513599e-07,-0.880002035468727,EXTERNAL,0.4229059726121865,14
181,2026-04-27T18:13:27.350483+00:00,GBPJPY,LONG,DailyKillSwitch,-0.65,0.0,SL,-2.9062800000000872,-1.00000000000003,2.2562800000000873,1.00000000000003,2.2562800000000873,EXTERNAL,0.08354617723659985,12
182,2026-04-27T18:27:11.914009+00:00,ETHUSD,SHORT,[sl 2273.63],8.44,0.0,SL,2.880611999999992,0.6999999999999982,5.559388000000007,-0.6999999999999982,5.559388000000007,SL_OR_TP,1.5981008536343957,8
183,2026-04-27T19:14:27.533414+00:00,GBPJPY,LONG,[sl 215.889],4.75,0.0,SL,-2.90628000000009,-1.0000000000000309,7.6562800000000895,1.0000000000000309,7.6562800000000895,SL_OR_TP,0.0,11
185,2026-04-27T19:47:01.958503+00:00,EURJPY,LONG,[sl 186.946],0.2,0.0,SL,-2.7972599999999495,-0.9999999999999817,2.9972599999999496,0.9999999999999817,2.9972599999999496,SL_OR_TP,0.0,11
186,2026-04-27T20:23:32.221923+00:00,SP500.r,LONG,[sl 7176.10],0.01,0.0,SL,2.075520000000617,0.40000000000011887,-2.065520000000617,-0.40000000000011887,-2.065520000000617,SL_OR_TP,0.7531294298353516,2
187,2026-04-28T03:26:33.018428+00:00,SP500.r,LONG,[sl 7194.84],1.23,0.0,SL,20.755199999999927,3.9999999999999862,-19.525199999999927,-3.9999999999999862,-19.525199999999927,SL_OR_TP,5.08858358790746,2
188,2026-04-28T04:57:48.238593+00:00,SP500.r,LONG,[sl 7188.69],0.62,0.0,SL,10.896479999999567,2.0999999999999166,-10.276479999999568,-2.0999999999999166,-10.276479999999568,SL_OR_TP,2.580529437084046,2
189,2026-04-28T04:58:23.451831+00:00,JPN225ft,LONG,[sl 60298.40],0.02,0.0,SL,-9.534420000000054,-1.0000000000000058,9.554420000000054,1.0000000000000058,9.554420000000054,SL_OR_TP,0.07746775390895987,9
190,2026-04-28T04:58:23.462559+00:00,JPN225ft,LONG,[sl 60298.40],-0.03,0.0,SL,-9.534420000000054,-1.0000000000000058,9.504420000000055,1.0000000000000058,9.504420000000055,SL_OR_TP,0.07746775390895987,9
191,2026-04-28T05:30:09.971726+00:00,JPN225ft,LONG,[sl 60282.38],-0.09,0.0,SL,-9.534419999999947,-0.9999999999999946,9.444419999999948,0.9999999999999946,9.444419999999948,SL_OR_TP,0.0,8
192,2026-04-28T10:36:29.628216+00:00,ETHUSD,SHORT,[sl 2283.10],0.44,0.0,SL,0.6419649599999575,0.11999999999999206,-0.2019649599999575,-0.11999999999999206,-0.2019649599999575,SL_OR_TP,0.23200784047629186,2
193,2026-04-28T10:36:29.654163+00:00,ETHUSD,SHORT,[sl 2283.10],0.26,0.0,SL,0.6419649599999575,0.11999999999999206,-0.3819649599999575,-0.11999999999999206,-0.3819649599999575,SL_OR_TP,0.23200784047629186,2
195,2026-04-28T11:09:33.916570+00:00,XAGUSD,SHORT,[sl 73.141],7.65,0.0,SL,-5.590336500000101,-1.000000000000018,13.240336500000101,1.000000000000018,13.240336500000101,SL_OR_TP,0.0,1
196,2026-04-28T11:16:17.894464+00:00,GER40.r,SHORT,[sl 24064.63],4.01,0.0,SL,2.6301240000000217,0.7000000000000058,1.3798759999999781,-0.7000000000000058,1.3798759999999781,SL_OR_TP,1.0626289955901895,4
197,2026-04-28T12:09:38.626498+00:00,XAGUSD,SHORT,[sl 73.449],0.1,0.0,SL,-5.590336499999913,-0.9999999999999845,5.690336499999913,0.9999999999999845,5.690336499999913,SL_OR_TP,0.0,1
198,2026-04-28T13:18:42.506217+00:00,GBPUSD,SHORT,[sl 1.34897],0.22,0.0,SL,-8.552249999998555,-0.9999999999998309,8.772249999998555,0.9999999999998309,8.772249999998555,SL_OR_TP,0.0,1
199,2026-04-28T13:46:35.557151+00:00,GBPUSD,SHORT,[sl 1.34886],2.4699999999999998,0.0,SL,-8.552249999998555,-0.9999999999998309,11.022249999998554,0.9999999999998309,11.022249999998554,SL_OR_TP,0.0,1
201,2026-04-28T14:01:09.904962+00:00,GBPUSD,SHORT,[sl 1.34886],0.91,0.0,SL,-8.55225000000055,-1.0000000000000642,9.46225000000055,1.0000000000000642,9.46225000000055,SL_OR_TP,0.0,1
202,2026-04-28T14:19:22.206486+00:00,ETHUSD,SHORT,[sl 2278.67],0.35,0.0,SL,2.6748540000000345,0.5000000000000064,-2.3248540000000344,-0.5000000000000064,-2.3248540000000344,SL_OR_TP,0.9186861007025005,2
203,2026-04-28T14:22:55.575970+00:00,XAGUSD,SHORT,[sl 72.811],6.0,0.0,SL,-5.590336499999843,-0.9999999999999718,11.590336499999843,0.9999999999999718,11.590336499999843,SL_OR_TP,0.0,1
204,2026-04-28T14:51:01.586701+00:00,GER40.r,LONG,[sl 23957.16],1.26,0.0,SL,2.7800718749999644,0.44999999999999424,-1.5200718749999644,-0.44999999999999424,-1.5200718749999644,SL_OR_TP,0.7131567142878713,2
205,2026-04-28T15:05:37.079176+00:00,GBPUSD,SHORT,[sl 1.34664],0.99,0.0,SL,-8.552249999999642,-0.9999999999999581,9.542249999999642,0.9999999999999581,9.542249999999642,SL_OR_TP,0.0,1
206,2026-04-28T15:05:37.179209+00:00,GBPUSD,SHORT,[sl 1.34664],0.7,0.0,SL,-8.552249999999642,-0.9999999999999581,9.252249999999641,0.9999999999999581,9.252249999999641,SL_OR_TP,0.0,1
207,2026-04-28T15:20:36.315576+00:00,GBPUSD,SHORT,[sl 1.34760],-2.55,0.0,SL,-8.552249999999642,-0.9999999999999581,6.002249999999642,0.9999999999999581,6.002249999999642,SL_OR_TP,0.0,1
209,2026-04-28T16:12:01.796809+00:00,ETHUSD,SHORT,[sl 2270.59],-15.18,0.0,SL,1.0256557500000214,0.3500000000000074,-16.20565575000002,-0.3500000000000074,-16.20565575000002,SL_OR_TP,0.6309872553066485,2
210,2026-04-28T16:26:56.229551+00:00,XAGUSD,SHORT,[sl 72.513],0.1,0.0,SL,11.18067299999993,1.9999999999999873,-11.08067299999993,-1.9999999999999873,-11.08067299999993,SL_OR_TP,2.6772319071668123,2
211,2026-04-28T18:04:29.442139+00:00,SP500.r,SHORT,[sl 7129.28],1.23,0.0,SL,11.27196000000022,3.000000000000059,-10.04196000000022,-3.000000000000059,-10.04196000000022,SL_OR_TP,3.902002453548395,2
213,2026-04-28T18:36:43.706044+00:00,EURJPY,LONG,[sl 186.809],0.46,0.0,SL,0.4696649999999384,0.19999999999997375,-0.009664999999938362,-0.19999999999997375,-0.009664999999938362,SL_OR_TP,1.4316231045137522,40
214,2026-04-28T19:42:09.165982+00:00,EURUSD,LONG,[sl 1.17077],0.14,0.0,SL,1.174162500000382,0.5000000000001626,-1.0341625000003818,-0.5000000000001626,-1.0341625000003818,SL_OR_TP,2.4415526913663177,3
215,2026-04-28T19:42:09.765991+00:00,EURUSD,LONG,[sl 1.17077],0.06,0.0,SL,1.174162500000382,0.5000000000001626,-1.1141625000003819,-0.5000000000001626,-1.1141625000003819,SL_OR_TP,2.4415526913663177,3
216,2026-04-28T19:47:29.759701+00:00,EURUSD,LONG,[sl 1.17084],0.14,0.0,SL,1.174162500000382,0.5000000000001626,-1.0341625000003818,-0.5000000000001626,-1.0341625000003818,SL_OR_TP,2.4415526913663177,3
217,2026-04-28T21:21:29.480337+00:00,JPN225ft,SHORT,[sl 59176.14],1.15,0.0,SL,6.089768999999953,0.6999999999999947,-4.939768999999954,-0.6999999999999947,-4.939768999999954,SL_OR_TP,1.0939405506149806,3
218,2026-04-29T04:11:07.496172+00:00,JPN225ft,LONG,[sl 59254.95],-1.92,-0.4049423776775291,SL,1.185353834175076,0.25000000000001604,-3.1053538341750757,-0.6549423776775452,-3.1053538341750757,SL_OR_TP,0.5020486620866054,2
219,2026-04-29T04:11:07.801710+00:00,JPN225ft,LONG,[sl 59254.95],-1.28,-0.2699615851183527,SL,1.1853538341750762,0.25000000000001604,-2.465353834175076,-0.5199615851183688,-2.465353834175076,SL_OR_TP,0.5020486620866054,2
220,2026-04-29T04:11:07.828450+00:00,JPN225ft,LONG,[sl 59254.95],-0.61,-0.12865356790796498,SL,1.185353834175076,0.25000000000001604,-1.795353834175076,-0.378653567907981,-1.795353834175076,SL_OR_TP,0.5020486620866054,2
221,2026-04-29T05:35:13.362953+00:00,JPN225ft,LONG,[sl 59406.00],0.24,0.05065126263177352,SL,2.132227202017477,0.4499999999999952,-1.8922272020174769,-0.3993487373682217,-1.8922272020174769,SL_OR_TP,0.9054622430919731,3
222,2026-04-29T05:35:44.878950+00:00,JPN225ft,LONG,[sl 59396.28],0.55,0.11607139988860289,SL,2.132308219229977,0.4499999999999952,-1.5823082192299769,-0.3339286001113923,-1.5823082192299769,SL_OR_TP,0.9054622430919731,3
223,2026-04-29T05:35:44.951797+00:00,JPN225ft,LONG,[sl 59396.28],0.36,0.07597400719981279,SL,2.132308219229977,0.4499999999999952,-1.772308219229977,-0.3740259928001824,-1.772308219229977,SL_OR_TP,0.9054622430919731,3
225,2026-04-29T07:32:30.313110+00:00,ETHUSD,SHORT,[sl 2319.03],-2.26,-0.8691939956386459,SL,0.4420187000000003,0.1700000000000001,-2.7020187,-1.039193995638646,-2.7020187,SL_OR_TP,0.28891116486474644,2
226,2026-04-29T07:32:30.437850+00:00,ETHUSD,SHORT,[sl 2319.03],-1.3599999999999999,-0.5230547938356453,SL,0.4420187000000002,0.1700000000000001,-1.8020187,-0.6930547938356455,-1.8020187,SL_OR_TP,0.28891116486474644,2
227,2026-04-29T07:32:30.447273+00:00,ETHUSD,SHORT,[sl 2319.03],-0.9,-0.3461392018030006,SL,0.4420187000000003,0.1700000000000001,-1.3420187000000003,-0.5161392018030007,-1.3420187000000003,SL_OR_TP,0.28891116486474644,2
228,2026-04-29T09:00:18.031871+00:00,GBPUSD,SHORT,[sl 1.35067],-6.65,-0.7834840582727989,SL,-8.487728537399182,-0.9999999999999035,1.8377285373991814,0.21651594172710464,1.8377285373991814,SL_OR_TP,0.0,1
229,2026-04-29T09:00:18.046809+00:00,GBPUSD,SHORT,[sl 1.35067],-4.2,-0.494832036803873,SL,-8.487728537399182,-0.9999999999999035,4.287728537399182,0.5051679631960305,4.287728537399182,SL_OR_TP,0.0,1
230,2026-04-29T09:00:18.112950+00:00,GBPUSD,SHORT,[sl 1.35067],-2.8,-0.32993612719332793,SL,-8.486491078799181,-0.9999999999999035,5.686491078799182,0.6700638728065755,5.686491078799182,SL_OR_TP,0.0,1
231,2026-04-29T09:09:04.580727+00:00,USDJPY,LONG,[sl 159.704],-4.64,-0.5698744878374477,SL,18.789427294394855,2.307675701756946,-23.429427294394856,-2.877550189594394,-23.429427294394856,SL_OR_TP,2.807675701756897,8
232,2026-04-29T09:11:22.678617+00:00,GBPUSD,SHORT,[tp 1.35025],14.35,1.6955355307598703,SL,-8.463402706499183,-0.9999999999999035,22.813402706499183,2.695535530759774,22.813402706499183,SL_OR_TP,0.0,1
233,2026-04-29T09:12:23.551673+00:00,GBPUSD,SHORT,[tp 1.35005],12.81,1.5150563115869105,SL,-8.455131272699184,-0.9999999999999035,21.265131272699186,2.515056311586814,21.265131272699186,SL_OR_TP,0.0,1
234,2026-04-29T09:36:50.174649+00:00,USDJPY,LONG,[sl 159.695],-3.91,-0.4812891351197585,SL,18.747591282368084,2.307675701756946,-22.657591282368085,-2.7889648368767044,-22.657591282368085,SL_OR_TP,2.807675701756897,8
235,2026-04-29T09:36:50.194357+00:00,USDJPY,LONG,[sl 159.695],-2.09,-0.2572619673658044,SL,18.747591282368084,2.307675701756946,-20.837591282368084,-2.5649376691227506,-20.837591282368084,SL_OR_TP,2.807675701756897,8
236,2026-04-29T09:36:50.601694+00:00,USDJPY,LONG,[sl 159.695],-1.5,-0.18463777562139072,SL,18.747591282368084,2.307675701756946,-20.247591282368084,-2.4923134773783366,-20.247591282368084,SL_OR_TP,2.807675701756897,8
237,2026-04-29T09:39:15.319257+00:00,GBPUSD,SHORT,[sl 1.35007],8.26,0.9774900371833812,SL,-8.450214002999186,-0.9999999999999035,16.710214002999187,1.9774900371832849,16.710214002999187,SL_OR_TP,0.0,1
238,2026-04-29T09:39:40.217098+00:00,GBPUSD,SHORT,[sl 1.35023],-6.3,-0.7453910049777979,SL,-8.451939932099185,-0.9999999999999035,2.151939932099185,0.25460899502210566,2.151939932099185,SL_OR_TP,0.0,1
239,2026-04-29T09:39:40.324036+00:00,GBPUSD,SHORT,[sl 1.35023],-3.7800000000000002,-0.4472346029866788,SL,-8.451939932099185,-0.9999999999999035,4.671939932099185,0.5527653970132247,4.671939932099185,SL_OR_TP,0.0,1
240,2026-04-29T09:39:40.378203+00:00,GBPUSD,SHORT,[sl 1.35023],-2.52,-0.29815640199111915,SL,-8.451939932099185,-0.9999999999999035,5.931939932099185,0.7018435980087844,5.931939932099185,SL_OR_TP,0.0,1
241,2026-04-29T10:00:14.822776+00:00,GBPUSD,SHORT,[sl 1.35018],-10.8,-1.2714447340022441,SL,-8.494274042098981,-0.9999999999998802,-2.3057259579010196,-0.2714447340023639,-2.3057259579010196,SL_OR_TP,0.0,1
242,2026-04-29T10:00:14.882424+00:00,GBPUSD,SHORT,[sl 1.35018],-6.72,-0.7911211678236185,SL,-8.494274042098981,-0.9999999999998802,1.7742740420989813,0.2088788321762617,1.7742740420989813,SL_OR_TP,0.0,1
243,2026-04-29T10:00:14.918140+00:00,GBPUSD,SHORT,[sl 1.35018],-4.2,-0.49445072988976163,SL,-8.494274042098981,-0.9999999999998802,4.294274042098981,0.5055492701101185,4.294274042098981,SL_OR_TP,0.0,1
244,2026-04-29T10:05:02.615891+00:00,USDJPY,LONG,[sl 159.625],-3.66,-0.4487175804922672,SL,19.15307070320056,2.3481747390539565,-22.81307070320056,-2.796892319546224,-22.81307070320056,SL_OR_TP,2.8481747390539014,7
245,2026-04-29T10:05:02.636508+00:00,USDJPY,LONG,[sl 159.625],-2.2,-0.26972095002267427,SL,19.15307070320056,2.3481747390539565,-21.353070703200558,-2.6178956890766307,-21.353070703200558,SL_OR_TP,2.8481747390539014,7
246,2026-04-29T10:05:02.672303+00:00,USDJPY,LONG,[sl 159.625],-1.5,-0.18390064774273246,SL,19.15307070320056,2.3481747390539565,-20.65307070320056,-2.5320753867966888,-20.65307070320056,SL_OR_TP,2.8481747390539014,7
247,2026-04-29T12:02:05.650748+00:00,GBPUSD,SHORT,[sl 1.35007],-4.2,-0.5007765998440488,SL,-8.386973355599306,-0.9999999999999173,4.186973355599306,0.4992234001558685,4.186973355599306,SL_OR_TP,0.0,1
248,2026-04-29T12:02:05.660974+00:00,GBPUSD,SHORT,[sl 1.35007],-2.52,-0.3004659599064292,SL,-8.386973355599306,-0.9999999999999173,5.866973355599306,0.6995340400934881,5.866973355599306,SL_OR_TP,0.0,1
249,2026-04-29T12:02:06.174783+00:00,GBPUSD,SHORT,[sl 1.35007],-1.6800000000000002,-0.20031063993761952,SL,-8.386973355599306,-0.9999999999999173,6.706973355599306,0.7996893600622977,6.706973355599306,SL_OR_TP,0.0,1
250,2026-04-29T12:18:23.213780+00:00,XAUUSD,SHORT,[sl 4578.16],-5.48,-0.8446634570472593,SL,1.2975582060000195,0.20000000000000295,-6.77755820600002,-1.0446634570472622,-6.77755820600002,SL_OR_TP,1.3418449405384234,2
252,2026-04-29T14:48:45.489176+00:00,JPN225ft,LONG,[sl 59259.91],-1.56,-0.47356423465714,SL,2.305917381600056,0.700000000000017,-3.865917381600056,-1.173564234657157,-3.865917381600056,SL_OR_TP,1.4304810016208593,2
253,2026-04-29T14:48:45.510205+00:00,JPN225ft,LONG,[sl 59259.91],-0.78,-0.23678211732857,SL,2.305917381600056,0.700000000000017,-3.085917381600056,-0.9367821173285871,-3.085917381600056,SL_OR_TP,1.4304810016208593,2
254,2026-04-29T14:48:45.527896+00:00,JPN225ft,LONG,[sl 59259.91],-0.39,-0.118391058664285,SL,2.305917381600056,0.700000000000017,-2.695917381600056,-0.8183910586643021,-2.695917381600056,SL_OR_TP,1.4304810016208593,2
255,2026-04-29T14:49:06.594353+00:00,EURJPY,LONG,[sl 187.002],-3.81,-0.654807739241265,SL,0.001882386741864876,0.00032351742961109453,-3.811882386741865,-0.6551312566708761,-3.811882386741865,SL_OR_TP,0.8573211884409883,7
256,2026-04-29T14:49:06.612587+00:00,EURJPY,LONG,[sl 187.002],-2.6,-0.4468504257289473,SL,0.001882386741864876,0.00032351742961109453,-2.601882386741865,-0.4471739431585584,-2.601882386741865,SL_OR_TP,0.8573211884409883,7
257,2026-04-29T14:49:06.629149+00:00,EURJPY,LONG,[sl 187.002],-1.5,-0.2577983225359311,SL,0.001882386741864876,0.00032351742961109453,-1.501882386741865,-0.2581218399655422,-1.501882386741865,SL_OR_TP,0.8573211884409883,7
258,2026-04-29T14:51:39.058529+00:00,EURJPY,LONG,[sl 186.991],-1.95,-0.33464026687994974,SL,0.0018851855266059517,0.00032351742961109453,-1.951885185526606,-0.33496378430956086,-1.951885185526606,SL_OR_TP,0.8573211884409883,7
259,2026-04-29T14:51:39.128837+00:00,EURJPY,LONG,[sl 186.991],-1.09,-0.18705532866622834,SL,0.0018851855266059517,0.00032351742961109453,-1.091885185526606,-0.18737884609583944,-1.091885185526606,SL_OR_TP,0.8573211884409883,7
260,2026-04-29T14:51:39.169693+00:00,EURJPY,LONG,[sl 186.991],-0.81,-0.13900441855013299,SL,0.0018851855266059517,0.00032351742961109453,-0.811885185526606,-0.13932793597974408,-0.811885185526606,SL_OR_TP,0.8573211884409883,7
261,2026-04-29T14:56:23.736567+00:00,JPN225ft,LONG,[sl 59298.52],-0.03,-0.009119660112748146,SL,1.315062000000032,0.700000000000017,-1.345062000000032,-0.7091196601127652,-1.345062000000032,SL_OR_TP,1.4304810016208593,2
262,2026-04-29T14:56:23.828639+00:00,JPN225ft,LONG,[sl 59298.52],0.02,0.0060797734084987645,SL,1.315062000000032,0.700000000000017,-1.295062000000032,-0.6939202265915183,-1.295062000000032,SL_OR_TP,1.4304810016208593,2
263,2026-04-29T15:06:38.087617+00:00,XAUUSD,SHORT,[sl 4566.91],-11.58,-1.7459286925152846,SL,34.85811448512772,5.2555943218106345,-46.43811448512772,-7.001523014325919,-46.43811448512772,SL_OR_TP,5.755594321810622,2
264,2026-04-29T15:14:30.929177+00:00,JPN225ft,LONG,[sl 59310.95],0.09,0.027084990429161113,SL,0.8453970000000338,0.45000000000001805,-0.7553970000000338,-0.4229150095708569,-0.7553970000000338,SL_OR_TP,0.962318872550746,2
266,2026-04-29T15:27:51.605882+00:00,XAUUSD,SHORT,[sl 4564.53],3.39,0.5073474939586249,SL,35.116887267784584,5.2555943218106345,-31.726887267784583,-4.748246827852009,-31.726887267784583,SL_OR_TP,5.755594321810622,2
267,2026-04-29T15:39:07.707763+00:00,USDJPY,LONG,[tp 159.926],12.01,0.9239327864749495,SL,18.304016395765174,1.4081332949394239,-6.2940163957651745,-0.4842005084644744,-6.2940163957651745,SL_OR_TP,2.108133294939445,4
268,2026-04-29T15:53:13.830434+00:00,USDJPY,LONG,[tp 159.966],10.59,0.8139220526905363,SL,18.321326402343203,1.4081332949394239,-7.731326402343203,-0.5942112422488876,-7.731326402343203,SL_OR_TP,2.108133294939445,4
269,2026-04-29T16:20:01.690619+00:00,EURUSD,SHORT,[tp 1.16940],2.87,0.5189459522195474,SL,-5.530441055999559,-0.99999999999992,8.40044105599956,1.5189459522194673,8.40044105599956,SL_OR_TP,0.0,1
270,2026-04-29T16:22:58.565051+00:00,EURUSD,SHORT,[tp 1.16919],2.48,0.44847286740725456,SL,-5.529877457999558,-0.99999999999992,8.009877457999558,1.4484728674071745,8.009877457999558,SL_OR_TP,0.0,1
271,2026-04-29T16:37:15.134253+00:00,EURUSD,SHORT,[sl 1.16862],3.57,0.6430860285232712,SL,-5.551356803999556,-0.99999999999992,9.121356803999555,1.6430860285231912,9.121356803999555,SL_OR_TP,0.0,1
273,2026-04-29T16:45:30.609611+00:00,ETHUSD,LONG,[sl 2292.71],-1.1,-0.4141332379571937,SL,-2.6561499999999896,-0.999999999999996,1.5561499999999895,0.5858667620428023,1.5561499999999895,SL_OR_TP,0.0,1
274,2026-04-29T16:45:30.627143+00:00,ETHUSD,LONG,[sl 2292.71],-0.74,-0.27859872371665756,SL,-2.6561499999999896,-0.999999999999996,1.9161499999999896,0.7214012762833384,1.9161499999999896,SL_OR_TP,0.0,1
275,2026-04-29T16:45:30.638435+00:00,ETHUSD,LONG,[sl 2292.71],-0.37,-0.13929936185832878,SL,-2.6561499999999896,-0.999999999999996,2.2861499999999895,0.8607006381416672,2.2861499999999895,SL_OR_TP,0.0,1
276,2026-04-29T16:58:55.769248+00:00,EURUSD,SHORT,[sl 1.16884],-1.6800000000000002,-0.3024399402669021,SL,-5.554821887999555,-0.99999999999992,3.874821887999555,0.6975600597330178,3.874821887999555,SL_OR_TP,0.0,1
277,2026-04-29T16:58:55.790124+00:00,EURUSD,SHORT,[sl 1.16884],-0.88,-0.15842092109218678,SL,-5.554821887999555,-0.99999999999992,4.674821887999555,0.8415790789077332,4.674821887999555,SL_OR_TP,0.0,1
278,2026-04-29T16:58:55.804857+00:00,EURUSD,SHORT,[sl 1.16884],-0.75,-0.13501783047629554,SL,-5.554821887999556,-0.99999999999992,4.804821887999556,0.8649821695236244,4.804821887999556,SL_OR_TP,0.0,1
279,2026-04-29T17:00:20.474817+00:00,EURJPY,LONG,[sl 187.148],0.56,0.13530090445483514,SL,-4.1389228124999935,-0.9999999999999986,4.698922812499994,1.1353009044548337,4.698922812499994,SL_OR_TP,0.5975115938684754,17
280,2026-04-29T17:00:20.624859+00:00,EURJPY,LONG,[sl 187.148],0.34,0.08214697770472135,SL,-4.1389228124999935,-0.9999999999999986,4.478922812499993,1.08214697770472,4.478922812499993,SL_OR_TP,0.5975115938684754,17
281,2026-04-29T17:00:20.636905+00:00,EURJPY,LONG,[sl 187.148],0.22,0.05315392675011381,SL,-4.1389228124999935,-0.9999999999999986,4.358922812499993,1.0531539267501124,4.358922812499993,SL_OR_TP,0.5975115938684754,17
282,2026-04-29T17:06:23.829393+00:00,XAGUSD,SHORT,[sl 71.766],14.15,1.0601890687988529,SL,-13.346676000000441,-1.0000000000000329,27.49667600000044,2.060189068798886,27.49667600000044,SL_OR_TP,0.0,1
283,2026-04-29T17:12:41.214846+00:00,JPN225ft,SHORT,[sl 59157.96],-2.25,-0.28784137034631657,SL,-7.816805476200032,-1.000000000000004,5.566805476200032,0.7121586296536875,5.566805476200032,SL_OR_TP,0.0,1
284,2026-04-29T17:12:41.348402+00:00,JPN225ft,SHORT,[sl 59157.96],-1.19,-0.15223610253871855,SL,-7.816805476200031,-1.000000000000004,6.6268054762000315,0.8477638974612854,6.6268054762000315,SL_OR_TP,0.0,1
285,2026-04-29T17:12:41.399328+00:00,JPN225ft,SHORT,[sl 59157.96],-0.56,-0.0716405188417499,SL,-7.816805476200033,-1.000000000000004,7.256805476200032,0.9283594811582541,7.256805476200032,SL_OR_TP,0.0,1
286,2026-04-29T17:48:25.272692+00:00,EURUSD,SHORT,[sl 1.16899],0.22,0.033281202867387415,SL,-3.779999999999093,-0.99999999999976,3.999999999999093,1.0332812028671474,3.999999999999093,SL_OR_TP,0.0,1
287,2026-04-29T17:48:25.288275+00:00,EURUSD,SHORT,[sl 1.16899],0.18,0.027230075073316973,SL,-3.779999999999093,-0.99999999999976,3.959999999999093,1.027230075073077,3.959999999999093,SL_OR_TP,0.0,1
288,2026-04-29T17:49:01.128290+00:00,EURUSD,SHORT,[sl 1.16926],-0.96,-0.14538557982222614,SL,-6.603130799998416,-0.99999999999976,5.643130799998416,0.8546144201775339,5.643130799998416,SL_OR_TP,0.0,1
289,2026-04-29T18:00:51.545972+00:00,GBPJPY,LONG,[sl 216.132],1.45,0.2522684452908727,SL,1.2645259680898662,0.21999999999997677,0.18547403191013379,0.03226844529089595,0.18547403191013379,SL_OR_TP,0.6733703760369729,16
290,2026-04-29T18:01:19.774988+00:00,GBPJPY,LONG,[sl 216.126],1.41,0.2456023940292975,SL,1.2630170044798668,0.21999999999997677,0.14698299552013316,0.02560239402932074,0.14698299552013316,SL_OR_TP,0.6733703760369729,16
291,2026-04-29T18:53:52.284378+00:00,GBPJPY,LONG,[sl 216.139],1.49,0.2594372634509743,SL,1.2635039224498663,0.21999999999997677,0.22649607755013368,0.03943726345099752,0.22649607755013368,SL_OR_TP,0.6733703760369729,16
292,2026-04-29T20:00:21.426977+00:00,EURJPY,LONG,[sl 187.220],-1.99,-0.48630878914265285,SL,-4.0920502455001,-1.0000000000000244,2.1020502455000996,0.5136912108573716,2.1020502455000996,SL_OR_TP,0.626003067834559,14
293,2026-04-29T20:00:21.467885+00:00,EURJPY,LONG,[sl 187.220],-1.09,-0.2663701407866792,SL,-4.0920502455001,-1.0000000000000244,3.0020502455001,0.7336298592133452,3.0020502455001,SL_OR_TP,0.626003067834559,14
294,2026-04-29T20:00:21.478540+00:00,EURJPY,LONG,[sl 187.220],-0.72,-0.1759509186847789,SL,-4.0920502455001,-1.0000000000000244,3.3720502455001,0.8240490813152455,3.3720502455001,SL_OR_TP,0.626003067834559,14
295,2026-04-29T20:07:25.058901+00:00,XAGUSD,SHORT,[sl 71.528],12.75,0.9679742199084373,SL,55.32172128000031,4.200000000000023,-42.57172128000031,-3.232025780091586,-42.57172128000031,SL_OR_TP,5.598789745573564,2
296,2026-04-29T20:17:29.890003+00:00,GER40.r,SHORT,[sl 23825.43],9.75,0.7477926632122891,SL,6.856007861845912e-06,5.258330644117073e-07,9.749993143992139,0.7477921373792247,9.749993143992139,SL_OR_TP,0.3347803806201321,2
297,2026-04-29T20:20:09.414168+00:00,EURUSD,SHORT,[sl 1.16845],-3.19,-0.20347060902133823,SL,-15.677939999996426,-0.999999999999772,12.487939999996426,0.7965293909784337,12.487939999996426,SL_OR_TP,0.0,1
298,2026-04-29T20:20:09.426036+00:00,EURUSD,SHORT,[sl 1.16845],-2.03,-0.1294812966499425,SL,-15.677939999996426,-0.999999999999772,13.647939999996426,0.8705187033498294,13.647939999996426,SL_OR_TP,0.0,1
299,2026-04-29T20:20:09.434240+00:00,EURUSD,SHORT,[sl 1.16845],-1.16,-0.07398931237139572,SL,-15.677939999996426,-0.999999999999772,14.517939999996425,0.9260106876283762,14.517939999996425,SL_OR_TP,0.0,1
300,2026-04-29T20:20:09.442124+00:00,SP500.r,SHORT,[sl 7131.69],-3.89,-0.5907603142954216,SL,26.33893919999977,3.9999999999999654,-30.228939199999772,-4.5907603142953874,-30.228939199999772,SL_OR_TP,4.516040885366424,2
301,2026-04-29T20:20:09.454907+00:00,SP500.r,SHORT,[sl 7131.69],-2.43,-0.36903536342875953,SL,26.33893919999977,3.9999999999999654,-28.76893919999977,-4.369035363428725,-28.76893919999977,SL_OR_TP,4.516040885366424,2
302,2026-04-29T20:20:09.462471+00:00,SP500.r,SHORT,[sl 7131.69],-1.53,-0.23235559919588564,SL,26.33893919999977,3.9999999999999654,-27.868939199999772,-4.232355599195851,-27.868939199999772,SL_OR_TP,4.516040885366424,2
303,2026-04-29T20:20:09.468627+00:00,JPN225ft,SHORT,[sl 58879.73],-3.71,-0.48135357663293193,SL,3.468344437530007,0.45000000000000095,-7.178344437530007,-0.9313535766329328,-7.178344437530007,SL_OR_TP,0.7228083001338788,2
304,2026-04-29T20:20:09.475613+00:00,JPN225ft,SHORT,[sl 58879.73],-2.4,-0.311387758468743,SL,3.4683444375300074,0.45000000000000095,-5.868344437530007,-0.761387758468744,-5.868344437530007,SL_OR_TP,0.7228083001338788,2
305,2026-04-29T20:20:09.482413+00:00,JPN225ft,SHORT,[sl 58879.73],-1.44,-0.1868326550812458,SL,3.4683444375300074,0.45000000000000095,-4.908344437530007,-0.6368326550812468,-4.908344437530007,SL_OR_TP,0.7228083001338788,2
306,2026-04-29T20:30:02.491223+00:00,GER40.r,SHORT,[sl 23854.25],-6.71,-0.5146150570439811,SL,6.856270165256765e-06,5.258330644117073e-07,-6.710006856270165,-0.5146155828770456,-6.710006856270165,SL_OR_TP,0.3347803806201321,2
307,2026-04-29T20:33:45.289427+00:00,EURUSD,SHORT,[sl 1.16853],-3.08,-0.19642055426309127,SL,-15.680639999996428,-0.999999999999772,12.600639999996428,0.8035794457366807,12.600639999996428,SL_OR_TP,0.0,1
308,2026-04-29T20:33:45.315776+00:00,EURUSD,SHORT,[sl 1.16853],-1.6800000000000002,-0.10713848414350434,SL,-15.680639999996426,-0.999999999999772,14.000639999996427,0.8928615158562676,14.000639999996427,SL_OR_TP,0.0,1
309,2026-04-29T20:33:45.324389+00:00,EURUSD,SHORT,[sl 1.16853],-1.12,-0.07142565609566956,SL,-15.680639999996426,-0.999999999999772,14.560639999996425,0.9285743439041024,14.560639999996425,SL_OR_TP,0.0,1
310,2026-04-30T05:26:52.211676+00:00,GER40.r,SHORT,[sl 23880.25],-6.71,-0.4880049554330108,SL,9.624902263199967,0.6999999999999977,-16.334902263199968,-1.1880049554330085,-16.334902263199968,SL_OR_TP,1.053383321649917,5
311,2026-04-30T05:26:52.220893+00:00,SP500.r,SHORT,[sl 7136.63],1.5699999999999998,0.22602520425768136,SL,-6.946128000000232,-1.0000000000000333,8.516128000000231,1.2260252042577147,8.516128000000231,SL_OR_TP,0.0,1
312,2026-04-30T05:26:52.227277+00:00,SP500.r,SHORT,[sl 7136.63],1.05,0.15116335316596527,SL,-6.946128000000231,-1.0000000000000333,7.996128000000231,1.1511633531659986,7.996128000000231,SL_OR_TP,0.0,1
313,2026-04-30T05:26:52.234010+00:00,SP500.r,SHORT,[sl 7124.22],2.81,0.4045419260917737,SL,-6.946128000000232,-1.0000000000000333,9.756128000000231,1.404541926091807,9.756128000000231,SL_OR_TP,0.0,1
314,2026-04-30T05:26:52.240522+00:00,GER40.r,SHORT,[sl 23809.41],-6.73,-0.48945951565784845,SL,9.624902263199967,0.6999999999999977,-16.354902263199968,-1.1894595156578462,-16.354902263199968,SL_OR_TP,1.053383321649917,5
315,2026-04-30T05:26:52.249021+00:00,EURUSD,SHORT,[sl 1.16758],-7.2,-0.4353504571179799,SL,84.88110399630862,5.1323649202044095,-50.0,-5.567715377322389,-92.08110399630863,SL_OR_TP,5.632364920204523,3
316,2026-04-30T05:26:52.254620+00:00,EURUSD,SHORT,[sl 1.16758],-4.2,-0.2539544333188216,SL,84.88110399630862,5.1323649202044095,-50.0,-5.386319353523231,-89.08110399630863,SL_OR_TP,5.632364920204523,3
317,2026-04-30T05:26:52.260645+00:00,EURUSD,SHORT,[sl 1.16758],-2.7,-0.16325642141924246,SL,84.88110399630862,5.1323649202044095,-50.0,-5.295621341623652,-87.58110399630863,SL_OR_TP,5.632364920204523,3
318,2026-04-30T05:26:52.268974+00:00,EURUSD,SHORT,[sl 1.16725],0.72,0.04353504571179799,SL,46.19128428183969,5.1323649202044095,-45.471284281839694,-5.088829874492611,-45.471284281839694,SL_OR_TP,5.632364920204523,3
319,2026-04-30T05:26:52.276316+00:00,EURUSD,SHORT,[sl 1.16729],2.5300000000000002,0.15297731340395684,SL,84.88110399630862,5.1323649202044095,-50.0,-4.979387606800453,-82.35110399630862,SL_OR_TP,5.632364920204523,3
320,2026-04-30T05:26:52.283236+00:00,EURUSD,SHORT,[sl 1.16729],1.4,0.08465147777294053,SL,84.88110399630862,5.1323649202044095,-50.0,-5.047713442431469,-83.48110399630862,SL_OR_TP,5.632364920204523,3
321,2026-04-30T05:26:52.290140+00:00,GER40.r,SHORT,[sl 23824.63],1.3900000000000001,0.10109193562621238,SL,9.624902263199967,0.6999999999999977,-8.234902263199967,-0.5989080643737854,-8.234902263199967,SL_OR_TP,1.053383321649917,5
322,2026-04-30T05:26:52.297636+00:00,GER40.r,SHORT,[sl 23830.43],0.6,0.04363680674512764,SL,5.2377569999999825,0.6999999999999977,-4.637756999999983,-0.6563631932548701,-4.637756999999983,SL_OR_TP,1.053383321649917,5
323,2026-04-30T05:26:52.303991+00:00,GER40.r,SHORT,[sl 23830.43],0.71,0.051636887981734374,SL,9.624902263199967,0.6999999999999977,-8.914902263199966,-0.6483631120182634,-8.914902263199966,SL_OR_TP,1.053383321649917,5
326,2026-04-30T10:51:13.349155+00:00,XAUUSD,LONG,[sl 4596.77],0.02,0.0025416641653355342,SL,-4.256474999999837,-0.9999999999999615,4.276474999999836,1.002541664165297,4.276474999999836,SL_OR_TP,0.0,1
327,2026-04-30T10:55:21.108272+00:00,GBPJPY,LONG,[sl 216.504],4.86,0.39614391068872784,SL,-12.268268850959778,-0.9999999999999819,17.128268850959778,1.3961439106887097,17.128268850959778,SL_OR_TP,0.0,1
328,2026-04-30T10:57:06.451488+00:00,GBPJPY,LONG,[sl 216.132],-4.87,-0.3969633156800769,SL,-12.268136141639777,-0.9999999999999819,7.398136141639777,0.603036684319905,7.398136141639777,SL_OR_TP,0.0,1
329,2026-04-30T10:57:06.459259+00:00,GBPJPY,LONG,[sl 216.132],-2.43,-0.198074097967677,SL,-12.268136141639777,-0.9999999999999819,9.838136141639778,0.8019259020323048,9.838136141639778,SL_OR_TP,0.0,1
330,2026-04-30T11:52:51.868975+00:00,XAUUSD,LONG,[sl 4615.55],0.02,0.002541865826514261,SL,2.1282374999999543,0.4999999999999892,-2.1082374999999542,-0.4974581341734749,-2.1082374999999542,SL_OR_TP,2.277332252022724,4
331,2026-04-30T12:44:11.119389+00:00,XAGUSD,LONG,[sl 73.312],0.1,0.010161908264763899,SL,10.651230000000066,2.0000000000000124,-10.551230000000066,-1.9898380917352485,-10.551230000000066,SL_OR_TP,2.5576938229431416,2
332,2026-04-30T13:15:04.776969+00:00,USDCAD,LONG,DragonReversal,-1.55,-0.3576820128748561,SL,-4.33345805549991,-0.999999999999979,2.78345805549991,0.6423179871251229,2.78345805549991,EXTERNAL,0.0,1
333,2026-04-30T13:31:00.077723+00:00,XAUUSD,LONG,[sl 4641.74],21.5,2.7429222997899005,SL,3.9191777327499002,0.4999999999999872,17.5808222672501,2.2429222997899134,17.5808222672501,SL_OR_TP,2.249900061719817,2
334,2026-04-30T13:37:41.278424+00:00,GER40.r,LONG,[sl 23994.72],2.13,0.6532683750765903,SL,1.4672377181699954,0.4499999999999986,0.6627622818300045,0.20326837507659168,0.6627622818300045,SL_OR_TP,0.9474865206893126,17
335,2026-04-30T13:45:27.387541+00:00,EURUSD,LONG,[sl 1.17068],-1.0,-0.34354969810131736,SL,-2.9107870143003582,-1.000000000000123,1.9107870143003582,0.6564503018988057,1.9107870143003582,SL_OR_TP,0.0,1
336,2026-04-30T13:45:27.430941+00:00,EURUSD,LONG,[sl 1.17068],-0.54,-0.18551683697471139,SL,-2.9107870143003582,-1.000000000000123,2.370787014300358,0.8144831630254117,2.370787014300358,SL_OR_TP,0.0,1
337,2026-04-30T13:45:27.438959+00:00,EURUSD,LONG,[sl 1.17068],-0.27,-0.09275841848735569,SL,-2.9107870143003582,-1.000000000000123,2.6407870143003582,0.9072415815127673,2.6407870143003582,SL_OR_TP,0.0,1
338,2026-04-30T16:10:13.667489+00:00,SP500.r,LONG,[sl 7185.02],-0.09,-0.01315794367515893,SL,-3.7080000000002116,-1.000000000000057,3.6180000000002117,0.9868420563248982,3.6180000000002117,SL_OR_TP,0.0,1
339,2026-04-30T16:10:13.681531+00:00,SP500.r,LONG,[sl 7185.02],0.07,0.01023395619179028,SL,-3.7080000000002116,-1.000000000000057,3.7780000000002114,1.0102339561918474,3.7780000000002114,SL_OR_TP,0.0,1
340,2026-04-30T16:10:25.616165+00:00,SP500.r,LONG,[sl 7184.03],-0.26,-0.03800153682892048,SL,-3.7080000000002116,-1.000000000000057,3.448000000000212,0.9619984631711366,3.448000000000212,SL_OR_TP,0.0,1
341,2026-04-30T16:30:15.173464+00:00,SP500.r,LONG,[sl 7177.53],-9.59,-1.401682198708572,SL,-6.841779120000392,-1.000000000000057,-2.748220879999608,-0.40168219870851485,-2.748220879999608,SL_OR_TP,0.0,1
342,2026-04-30T19:16:18.263681+00:00,SP500.r,LONG,[sl 7182.63],0.35,0.05282768571131079,SL,-6.625313891520106,-1.000000000000016,6.975313891520106,1.0528276857113268,6.975313891520106,SL_OR_TP,0.0,1
343,2026-04-30T19:25:04.168672+00:00,SP500.r,LONG,[sl 7181.88],0.8,0.12074986679598894,SL,-6.625266107760106,-1.000000000000016,7.425266107760105,1.120749866796005,7.425266107760105,SL_OR_TP,0.0,1
344,2026-04-30T19:25:04.185407+00:00,SP500.r,LONG,[sl 7181.88],0.5,0.07546866674749309,SL,-6.625266107760105,-1.000000000000016,7.125266107760105,1.075468666747509,7.125266107760105,SL_OR_TP,0.0,1
345,2026-04-30T19:31:06.614151+00:00,GER40.r,LONG,[sl 24261.04],0.01,0.0030554837210823482,SL,1.2393989999999977,0.6999999999999987,-1.2293989999999977,-0.6969445162789164,-1.2293989999999977,SL_OR_TP,1.1123128523263728,10
346,2026-04-30T19:51:25.866050+00:00,EURUSD,LONG,[sl 1.17226],-1.6800000000000002,-0.4819004666295228,SL,0.5912407725499653,0.16959476439418322,-2.2712407725499655,-0.651495231023706,-2.2712407725499655,SL_OR_TP,0.8479738219709161,2
347,2026-04-30T19:51:25.876478+00:00,EURUSD,LONG,[sl 1.17226],-0.84,-0.24095023331476137,SL,0.5912407725499653,0.16959476439418322,-1.4312407725499652,-0.4105449977089446,-1.4312407725499652,SL_OR_TP,0.8479738219709161,2
348,2026-04-30T19:51:25.885574+00:00,EURUSD,LONG,[sl 1.17226],-0.42,-0.12047511665738068,SL,0.5912407725499653,0.16959476439418322,-1.0112407725499652,-0.2900698810515639,-1.0112407725499652,SL_OR_TP,0.8479738219709161,2
349,2026-04-30T21:08:35.806677+00:00,SP500.r,LONG,[sl 7208.37],1.5,0.22642559697934914,SL,19.874078107920276,3.0000000000000413,-18.374078107920276,-2.7735744030206924,-18.374078107920276,SL_OR_TP,3.8154671276510506,2
350,2026-04-30T21:08:35.826027+00:00,SP500.r,LONG,[sl 7208.37],0.7,0.10566527859036293,SL,19.874078107920276,3.0000000000000413,-19.174078107920277,-2.8943347214096784,-19.174078107920277,SL_OR_TP,3.8154671276510506,2
351,2026-04-30T22:53:24.337041+00:00,NAS100.r,LONG,[sl 27447.26],1.75,0.141830730555615,SL,1.8507977712000327,0.15000000000000263,-0.10079777120003275,-0.008169269444387645,-0.10079777120003275,SL_OR_TP,0.7268019660791792,12
352,2026-04-30T22:53:24.381892+00:00,SP500.r,LONG,[sl 7222.16],1.73,0.26112535360294736,SL,26.500682160960444,4.000000000000067,-24.770682160960444,-3.7388746463971194,-24.770682160960444,SL_OR_TP,5.958700810501612,3
353,2026-05-01T02:55:12.847365+00:00,USDCAD,SHORT,[sl 1.35794],6.51,1.4993827029320232,SL,18.33104384154107,4.222004617925541,-11.821043841541071,-2.7226219149935176,-11.821043841541071,SL_OR_TP,4.922004617925564,14
354,2026-05-01T14:05:11.085079+00:00,SP500.r,LONG,[sl 7232.37],-2.04,-0.49544795533437597,SL,-4.117485960000768,-1.0000000000001865,2.077485960000768,0.5045520446658105,2.077485960000768,SL_OR_TP,0.0,1
355,2026-05-01T14:05:11.101108+00:00,SP500.r,LONG,[sl 7232.37],-1.1400000000000001,-0.2768679750397984,SL,-4.117485960000768,-1.0000000000001865,2.977485960000768,0.7231320249603881,2.977485960000768,SL_OR_TP,0.0,1
356,2026-05-01T14:05:11.108070+00:00,SP500.r,LONG,[sl 7232.37],-0.68,-0.165149318444792,SL,-4.117485960000768,-1.0000000000001865,3.437485960000768,0.8348506815553945,3.437485960000768,SL_OR_TP,0.0,1
357,2026-05-01T14:07:28.678109+00:00,SP500.r,LONG,[sl 7230.62],-2.04,-0.4954856340316148,SL,-4.117172850000768,-1.0000000000001865,2.0771728500007676,0.5045143659685718,2.0771728500007676,SL_OR_TP,0.0,1
358,2026-05-01T14:07:28.712858+00:00,SP500.r,LONG,[sl 7230.62],-1.1400000000000001,-0.276889030782373,SL,-4.117172850000768,-1.0000000000001865,2.9771728500007675,0.7231109692178135,2.9771728500007675,SL_OR_TP,0.0,1
359,2026-05-01T14:07:28.756255+00:00,SP500.r,LONG,[sl 7230.62],-0.68,-0.16516187801053828,SL,-4.117172850000768,-1.0000000000001865,3.4371728500007674,0.8348381219896482,3.4371728500007674,SL_OR_TP,0.0,1
360,2026-05-01T14:12:06.246073+00:00,SP500.r,LONG,[sl 7229.12],-2.04,-0.4954605142633866,SL,-4.117381590000767,-1.0000000000001865,2.0773815900007673,0.5045394857368,2.0773815900007673,SL_OR_TP,0.0,1
361,2026-05-01T14:12:06.258704+00:00,SP500.r,LONG,[sl 7229.12],-1.1400000000000001,-0.2768749932648337,SL,-4.117381590000767,-1.0000000000001865,2.977381590000767,0.7231250067353527,2.977381590000767,SL_OR_TP,0.0,1
362,2026-05-01T14:12:06.265901+00:00,SP500.r,LONG,[sl 7229.12],-0.68,-0.16515350475446222,SL,-4.117381590000767,-1.0000000000001865,3.437381590000767,0.8348464952457243,3.437381590000767,SL_OR_TP,0.0,1
363,2026-05-01T15:14:49.869189+00:00,SP500.r,LONG,[sl 7247.66],2.3,0.5586094654071471,SL,-4.117366679999512,-0.9999999999998817,6.417366679999512,1.5586094654070286,6.417366679999512,SL_OR_TP,0.0,1
364,2026-05-01T15:29:15.460359+00:00,USDCAD,SHORT,[sl 1.35537],1.48,0.35948819578123553,SL,-4.1169641099999295,-0.999999999999983,5.596964109999929,1.3594881957812186,5.596964109999929,SL_OR_TP,0.0,4
365,2026-05-01T16:46:24.428677+00:00,SP500.r,LONG,[sl 7250.93],0.61,0.14856342757844038,SL,22.5829469249996,5.499999999999903,-21.9729469249996,-5.351436572421463,-21.9729469249996,SL_OR_TP,7.334841388109382,2
366,2026-05-01T16:47:19.108631+00:00,USDCAD,SHORT,[sl 1.35669],-1.05,-0.2559069988926393,SL,-4.103053079999944,-0.9999999999999865,3.053053079999944,0.7440930011073472,3.053053079999944,SL_OR_TP,0.0,3
367,2026-05-01T16:47:19.248889+00:00,USDCAD,SHORT,[sl 1.35669],-1.07,-0.26078141791916576,SL,-4.103053079999944,-0.9999999999999865,3.0330530799999433,0.7392185820808207,3.0330530799999433,SL_OR_TP,0.0,3
368,2026-05-01T16:47:41.516604+00:00,SP500.r,LONG,[sl 7251.66],0.01,0.002436589714144119,SL,12.300749999999782,5.499999999999903,-12.290749999999782,-5.497563410285759,-12.290749999999782,SL_OR_TP,7.334841388109382,2
369,2026-05-01T16:51:29.475688+00:00,NAS100.r,LONG,[sl 27688.56],1.25,0.27555539340259616,SL,1.6093155240973264e-06,3.547644578812352e-07,1.2499983906844758,0.2755550386381383,1.2499983906844758,SL_OR_TP,0.3069776819917542,9
370,2026-05-01T21:02:46.152537+00:00,XAUUSD,LONG,[sl 4624.50],-19.46,-3.0183488516388413,SL,-6.447233555999733,-0.9999999999999587,-13.012766444000267,-2.0183488516388826,-13.012766444000267,SL_OR_TP,0.0,1
371,2026-05-01T23:00:03.772575+00:00,NAS100.r,LONG,DragonWeekendClose,-0.83,-0.18381672063720472,SL,1.5994960214862227e-06,3.542338714962089e-07,-0.8300015994960215,-0.1838170748710762,-0.8300015994960215,EXTERNAL,0.3065185655978953,2
388,2026-05-04T20:17:21.368953+00:00,EURUSD,SHORT,[sl 1.16929],2.5,0.49829086234216635,SL,0.9751773556543933,0.19436878619423245,1.5248226443456065,0.3039220761479339,1.5248226443456065,SL_OR_TP,0.8552226592547091,2
391,2026-05-04T22:03:02.074398+00:00,GBPJPY,SHORT,[sl 212.627],0.76,0.13490110010025969,SL,-5.633756874000026,-1.0000000000000047,6.393756874000026,1.1349011001002642,6.393756874000026,SL_OR_TP,0.2705937417694184,17
403,2026-05-05T12:00:18.171105+00:00,GBPJPY,SHORT,[sl 213.503],-5.01,-0.889525083857394,SL,-5.632218912000035,-1.0000000000000064,0.6222189120000357,0.1104749161426124,0.6222189120000357,SL_OR_TP,0.0,1
404,2026-05-05T12:00:18.211871+00:00,AUDJPY,SHORT,[sl 112.823],-6.87,-0.6846557387505182,SL,-10.034239999999901,-0.99999999999999,3.164239999999901,0.3153442612494718,3.164239999999901,SL_OR_TP,0.0,1
409,2026-05-05T15:15:23.451204+00:00,SP500.r,SHORT,[sl 7249.44],-4.79,-0.9501328995913835,SL,-5.0413999999992765,-0.9999999999998567,0.2513999999992764,0.0498671004084732,0.2513999999992764,SL_OR_TP,0.0,1
411,2026-05-05T15:26:41.277840+00:00,UK100.r,SHORT,[sl 10242.42],2.51,0.24897928413000087,SL,-10.081159999999814,-0.9999999999999815,12.591159999999814,1.2489792841299823,12.591159999999814,SL_OR_TP,0.0,1
414,2026-05-05T17:18:45.614221+00:00,GBPUSD,LONG,[sl 1.35504],1.2,0.23805225643782568,SL,3.0245460000005133,0.6000000000001018,-1.8245460000005134,-0.3619477435622761,-1.8245460000005134,SL_OR_TP,1.264703696653132,2
419,2026-05-05T18:42:08.477065+00:00,UK100.r,SHORT,[sl 10227.69],-5.95,-0.5890820814101536,SL,-10.100459999999847,-0.9999999999999849,4.150459999999847,0.4109179185898313,4.150459999999847,SL_OR_TP,0.0,1
421,2026-05-05T19:28:11.290225+00:00,NAS100.r,LONG,[sl 27995.85],5.22,0.5080360767625156,SL,12.329833030594237,1.199999999999995,-7.109833030594237,-0.6919639232374795,-7.109833030594237,SL_OR_TP,1.7736416736985448,7
424,2026-05-05T20:05:12.207956+00:00,EURGBP,SHORT,[sl 0.86321],0.84,0.06943232134071829,SL,1.4993677296134995,0.12393402620289014,-0.6593677296134995,-0.054501704862171846,-0.6593677296134995,SL_OR_TP,0.3408185720580167,2
425,2026-05-05T20:05:14.090473+00:00,EURGBP,SHORT,[sl 0.86321],0.43,0.035542735924415314,SL,0.44616249433040445,0.12393402620289014,-0.016162494330404453,-0.08839129027847482,-0.016162494330404453,SL_OR_TP,0.3408185720580167,2
429,2026-05-05T22:26:25.076434+00:00,GBPUSD,LONG,[sl 1.35447],-4.64,-0.9206257874425848,SL,-5.040050000000676,-1.0000000000001341,0.40005000000067614,0.07937421255754928,0.40005000000067614,SL_OR_TP,0.0,1
434,2026-05-05T23:41:00.742412+00:00,SP500.r,LONG,[sl 7277.03],1.5,0.2972268732723688,SL,27.75657499999969,5.499999999999939,-26.25657499999969,-5.20277312672757,-26.25657499999969,SL_OR_TP,8.444767744973587,3
436,2026-05-06T01:53:11.445398+00:00,NAS100.r,LONG,[sl 28276.98],21.02,2.5837564837530245,SL,3.6609487231011855,0.4500000000000021,17.359051276898814,2.1337564837530225,17.359051276898814,SL_OR_TP,0.7310169773868372,2
437,2026-05-06T02:07:35.286150+00:00,AUDUSD,SHORT,[sl 0.72038],-4.34,-0.7401808235473801,SL,-5.863432099199765,-0.99999999999996,1.5234320991997654,0.2598191764525799,1.5234320991997654,SL_OR_TP,0.0,1
438,2026-05-06T02:21:40.460013+00:00,EURUSD,SHORT,[sl 1.17259],-3.35,-0.6622870055335562,SL,-5.05822999999859,-0.9999999999997211,1.7082299999985895,0.3377129944661649,1.7082299999985895,SL_OR_TP,0.0,1
439,2026-05-06T03:02:48.644103+00:00,EURAUD,LONG,[sl 1.62562],-4.28,-0.5944838372223534,SL,-7.199522900400018,-1.0000000000000022,2.9195229004000174,0.4055161627776488,2.9195229004000174,SL_OR_TP,0.0,1
443,2026-05-06T07:27:32.473172+00:00,GBPJPY,LONG,[sl 213.483],-2.91,-0.5779485804510383,SL,-5.035049999999997,-0.9999999999999994,2.125049999999997,0.4220514195489612,2.125049999999997,SL_OR_TP,0.0,1
444,2026-05-06T07:27:59.319473+00:00,USDJPY,LONG,[sl 157.187],-3.19,-0.5280358918741401,SL,-6.041256000000032,-1.0000000000000053,2.8512560000000318,0.4719641081258652,2.8512560000000318,SL_OR_TP,0.0,1
445,2026-05-06T07:27:59.336584+00:00,AUDJPY,LONG,[sl 113.771],2.3,0.4568586399914189,TIMEOUT,1.0463135567383433,0.207833647189593,1.2536864432616566,0.2490249928018259,1.2536864432616566,SL_OR_TP,0.5262347946840576,99
447,2026-05-06T07:30:41.550503+00:00,USDCHF,LONG,[sl 0.78058],-4.97,-0.9874355286058284,SL,-5.033240000000021,-1.000000000000004,0.06324000000002084,0.012564471394175603,0.06324000000002084,SL_OR_TP,0.0,1
451,2026-05-06T10:34:24.275622+00:00,EURGBP,SHORT,[sl 0.86321],0.43,0.04131259240972405,SL,0.4282939863740197,0.13935057308411247,0.0017060136259802738,-0.09803798067438843,0.0017060136259802738,SL_OR_TP,0.4412768147663562,2
459,2026-05-06T11:52:09.709479+00:00,USDCAD,LONG,[sl 1.35815],-2.93,-0.5664858911584635,SL,-5.172238259999851,-0.9999999999999714,2.242238259999851,0.4335141088415079,2.242238259999851,SL_OR_TP,0.0,1
460,2026-05-06T11:57:14.770083+00:00,GBPUSD,LONG,[sl 1.36272],8.32,1.635863153755407,SL,-5.08599999999951,-0.9999999999999035,13.40599999999951,2.6358631537553103,13.40599999999951,SL_OR_TP,0.0,1
464,2026-05-06T12:32:57.747476+00:00,ETHUSD,LONG,[sl 2392.42],0.11,0.021688723441172293,SL,2.249999999999987,1.4999999999999913,-2.1399999999999872,-1.478311276558819,-2.1399999999999872,SL_OR_TP,2.2123975409501533,3
465,2026-05-06T13:49:40.346865+00:00,EURUSD,LONG,[sl 1.17815],9.44,1.862487644249076,SL,-5.068489999999208,-0.9999999999998438,14.508489999999208,2.8624876442489198,14.508489999999208,SL_OR_TP,0.0,1
470,2026-05-06T16:01:06.439076+00:00,ETHUSD,LONG,[sl 2397.76],0.33,0.06535041685644692,SL,-5.0497000000000085,-1.0000000000000018,5.379700000000009,1.0653504168564487,5.379700000000009,SL_OR_TP,0.0,1
471,2026-05-06T16:01:06.588320+00:00,ETHUSD,LONG,[sl 2397.80],0.17,0.03366536625938175,SL,-1.5000000000000027,-1.0000000000000018,1.6700000000000026,1.0336653662593835,1.6700000000000026,SL_OR_TP,0.0,1
472,2026-05-06T18:06:34.435763+00:00,GBPUSD,LONG,[sl 1.35977],-3.08,-0.6113355100582555,SL,-5.038149999999927,-0.9999999999999855,1.958149999999927,0.38866448994173,1.958149999999927,SL_OR_TP,0.0,1
473,2026-05-06T19:47:00.601093+00:00,SP500.r,LONG,[sl 7344.63],2.74,1.5416729965284226,SL,-1.777289999999985,-0.9999999999999916,4.517289999999985,2.541672996528414,4.517289999999985,SL_OR_TP,0.0,1
474,2026-05-06T20:22:52.822205+00:00,GBPJPY,SHORT,[sl 212.692],0.01,0.006859322161783973,SL,-1.4999999999999907,-0.9999999999999938,1.5099999999999907,1.0068593221617776,1.5099999999999907,SL_OR_TP,0.4705091792883157,51
479,2026-05-06T21:43:54.586822+00:00,ETHUSD,LONG,EmergencyDD,-1.65,-1.1317881566943555,SL,-1.4578700000000109,-1.0000000000000075,-0.19212999999998903,-0.13178815669434796,-0.19212999999998903,EXTERNAL,0.0,1
480,2026-05-06T21:43:54.616693+00:00,ETHUSD,LONG,EmergencyDD,-1.09,-0.7476661156344531,SL,-1.457870000000011,-1.0000000000000075,0.367870000000011,0.2523338843655545,0.367870000000011,EXTERNAL,0.0,1
481,2026-05-06T21:43:54.633112+00:00,ETHUSD,LONG,EmergencyDD,-0.55,-0.3772627188981185,SL,-1.457870000000011,-1.0000000000000075,0.9078700000000111,0.622737281101889,0.9078700000000111,EXTERNAL,0.0,1
485,2026-05-06T21:44:00.578531+00:00,SP500.r,LONG,EmergencyDD,1.75,1.2003813783121953,SL,3.0615270000000656,2.100000000000045,-1.3115270000000656,-0.8996186216878497,-1.3115270000000656,EXTERNAL,3.13009631761163,2
486,2026-05-06T21:44:00.619964+00:00,UK100.r,SHORT,EmergencyDD,-0.41,-0.2343601738609524,SL,-1.7494439999999984,-0.9999999999999992,1.3394439999999985,0.7656398261390468,1.3394439999999985,EXTERNAL,0.21618584641702063,11
492,2026-05-06T21:44:00.980887+00:00,USDJPY,SHORT,EmergencyDD,-2.4,-1.6462373188281534,SL,-1.457869999999962,-0.9999999999999739,-0.9421300000000379,-0.6462373188281795,-0.9421300000000379,EXTERNAL,0.1236307333538416,22
493,2026-05-06T21:44:01.698359+00:00,AUDUSD,LONG,EmergencyDD,-1.53,-1.0494762907529478,SL,-1.4578700000000127,-1.0000000000000087,-0.07212999999998737,-0.049476290752939134,-0.07212999999998737,EXTERNAL,0.0,1
494,2026-05-06T21:44:01.751684+00:00,EURAUD,LONG,EmergencyDD,-0.88,-0.29528439009734353,SL,-2.980177853999957,-0.9999999999999856,2.100177853999957,0.704715609902642,2.100177853999957,EXTERNAL,0.0,10
495,2026-05-06T21:44:01.795061+00:00,EURUSD,LONG,EmergencyDD,-2.81,-1.9274695274612963,SL,-1.4578700000003457,-1.0000000000002371,-1.3521299999996543,-0.9274695274610592,-1.3521299999996543,EXTERNAL,0.0,1
497,2026-05-06T21:44:01.894558+00:00,GBPUSD,LONG,EmergencyDD,-0.77,-0.5281678064573659,SL,-1.4578699999999145,-0.9999999999999415,0.6878699999999145,0.47183219354257555,0.6878699999999145,EXTERNAL,0.0,2
498,2026-05-06T21:44:01.969234+00:00,USDCAD,LONG,EmergencyDD,2.01,1.3787237545185784,SL,0.7289349999999517,0.49999999999996686,1.281065000000048,0.8787237545186115,1.281065000000048,EXTERNAL,2.35138899370594,68
499,2026-05-06T21:44:02.048038+00:00,USDCHF,SHORT,EmergencyDD,-0.23,-0.15169654780868402,SL,0.057780870818493375,0.0381093853588912,-0.2877808708184934,-0.1898059331675752,-0.2877808708184934,EXTERNAL,0.4878001325938835,4
500,2026-05-06T21:44:36.580245+00:00,SP500.r,LONG,EmergencyDD,-0.09,-0.06173389945605575,SL,3.0615270000000656,2.100000000000045,-3.1515270000000655,-2.1617338994561006,-3.1515270000000655,EXTERNAL,3.13009631761163,2
506,2026-05-06T21:48:03.468397+00:00,SP500.r,LONG,EmergencyDD,-0.09,-0.06173389945605575,SL,3.0615270000000656,2.100000000000045,-3.1515270000000655,-2.1617338994561006,-3.1515270000000655,EXTERNAL,3.13009631761163,2
511,2026-05-06T21:48:03.527347+00:00,USDCAD,LONG,EmergencyDD,-0.09,-0.06173389945605575,SL,0.7289349999999517,0.49999999999996686,-0.8189349999999517,-0.5617338994560226,-0.8189349999999517,EXTERNAL,2.35138899370594,68
512,2026-05-10T19:25:01.413690+00:00,ETHUSD,LONG,[sl 2339.97],0.08,0.062296562787148214,SL,1.9262700000000028,1.500000000000002,-1.8462700000000027,-1.4377034372128539,-1.8462700000000027,SL_OR_TP,2.3561146265867414,3
513,2026-05-10T23:33:10.051240+00:00,ETHUSD,LONG,[sl 2344.84],0.13,0.10121457489878541,SL,0.8990799999999912,0.6999999999999931,-0.7690799999999912,-0.5987854251012077,-0.7690799999999912,SL_OR_TP,1.1202396804421424,4
537,2026-05-11T14:53:10.132624+00:00,AUDJPY,LONG,[sl 113.778],0.22,0.10072245062133636,SL,0.0009896854300544026,0.00045310700845141184,0.2190103145699456,0.10026934361288495,0.2190103145699456,SL_OR_TP,0.9243382972101659,10
545,2026-05-11T16:30:20.130949+00:00,UK100.r,SHORT,[sl 10284.32],-5.68,-2.1709961512794274,SL,-2.6163104879999985,-0.9999999999999996,-3.063689512000001,-1.1709961512794278,-3.063689512000001,SL_OR_TP,0.0,1
549,2026-05-11T19:42:18.397344+00:00,EURUSD,LONG,[sl 1.17731],0.49,0.38425043718289537,SL,-1.2752099999997408,-0.9999999999997967,1.7652099999997408,1.384250437182692,1.7652099999997408,SL_OR_TP,0.0,1
550,2026-05-11T19:42:42.708915+00:00,EURAUD,SHORT,[sl 1.62396],0.41,0.26704083490554115,SL,0.055929125975291996,0.03642770852677845,0.354070874024708,0.2306131263787627,0.354070874024708,SL_OR_TP,0.3861337103839163,3
554,2026-05-11T21:20:21.901814+00:00,JPN225ft,LONG,[sl 62901.63],0.24,0.1898118490046741,SL,2.8258990307500674e-07,2.234954667196611e-07,0.23999971741009693,0.18981162550920738,0.23999971741009693,SL_OR_TP,0.46565281667379027,4
555,2026-05-11T21:24:50.528680+00:00,GBPJPY,LONG,[sl 214.282],3.84,3.036245176798026,SL,-1.264719999999986,-0.999999999999989,5.104719999999986,4.036245176798015,5.104719999999986,SL_OR_TP,0.0,3
559,2026-05-11T23:11:55.723878+00:00,AUDUSD,LONG,[sl 0.72461],0.19,0.14986827367524336,SL,0.5705009999999886,0.4499999999999911,-0.3805009999999886,-0.3001317263247477,-0.3805009999999886,SL_OR_TP,0.9874531788052532,3
560,2026-05-11T23:41:44.608836+00:00,GBPJPY,LONG,[sl 213.953],-2.25,-1.7755962057481964,SL,-1.2671800000000182,-1.0000000000000142,-0.9828199999999818,-0.7755962057481822,-0.9828199999999818,SL_OR_TP,0.0,1
562,2026-05-12T00:01:54.698780+00:00,AUDJPY,LONG,[sl 113.906],0.72,0.3340498403620074,SL,0.0010618486933309662,0.0004926533145775214,0.718938151306669,0.33355718704742987,0.718938151306669,SL_OR_TP,0.9853066291222778,4
563,2026-05-12T00:04:30.115123+00:00,USDCHF,SHORT,[sl 0.77936],-2.59,-0.6758042339792799,SL,-3.832470810000031,-1.0000000000000082,1.242470810000031,0.3241957660207283,1.242470810000031,SL_OR_TP,0.056449719859796396,4
565,2026-05-12T02:36:46.072357+00:00,EURUSD,LONG,[sl 1.17795],0.02,0.015764913608273423,SL,-1.4999999999992801,-0.9999999999995202,1.5199999999992801,1.0157649136077935,1.5199999999992801,SL_OR_TP,0.0,1
567,2026-05-12T04:27:29.707681+00:00,JPN225ft,LONG,[sl 62681.13],-3.4,-2.6777768151782686,SL,-1.2697100000000026,-1.000000000000002,-2.1302899999999974,-1.6777768151782666,-2.1302899999999974,SL_OR_TP,0.0,14
568,2026-05-12T04:39:10.627335+00:00,SP500.r,LONG,[sl 7400.65],-2.9699999999999998,-0.8498792441206737,SL,-3.494614112000243,-1.0000000000000695,0.5246141120002434,0.15012075587939577,0.5246141120002434,SL_OR_TP,0.0,1
569,2026-05-12T05:13:10.731732+00:00,UK100.r,SHORT,[sl 10223.34],2.2800000000000002,0.6196480983553468,TIMEOUT,5.788270496316601,1.573110002547781,-3.5082704963166007,-0.9534619041924343,-3.5082704963166007,SL_OR_TP,2.1870065889078907,5
618,2026-05-13T01:08:49.609242+00:00,JPN225ft,LONG,[sl 62593.07],0.83,0.6587562998531686,SL,0.5669775000000051,0.45000000000000406,0.26302249999999483,0.20875629985316457,0.26302249999999483,SL_OR_TP,0.7004371510773534,2
624,2026-05-13T09:52:35.544244+00:00,XAGUSD,LONG,[sl 86.469],0.1,0.08250961236984108,SL,1.1513809999999913,0.9499999999999927,-1.0513809999999912,-0.8674903876301516,-1.0513809999999912,SL_OR_TP,1.7350944095245908,2
627,2026-05-13T09:52:35.603068+00:00,JPN225ft,LONG,DailyKillSwitch,0.32,0.2640307595834915,SL,-1.2119800000000143,-1.0000000000000118,1.5319800000000143,1.2640307595835032,1.5319800000000143,EXTERNAL,0.23464608181109797,3
630,2026-05-13T09:52:35.652035+00:00,BTCUSD,LONG,DailyKillSwitch,-2.67,-2.203006650274757,SL,0.0848385999999859,0.06999999999998836,-2.754838599999986,-2.2730066502747452,-2.754838599999986,EXTERNAL,0.1233204349465739,4
634,2026-05-13T12:31:41.108277+00:00,JPN225ft,LONG,EarlyLossCut,-1.7,-1.347730263679462,SL,5.21910419526074e-07,4.137614513676084e-07,-1.7000005219104195,-1.3477306774409132,-1.7000005219104195,EARLY_LOSS_CUT_EARLY,0.4996169651477733,2
640,2026-05-13T13:06:46.532366+00:00,XAUUSD,SHORT,[sl 4700.87],0.02,0.015886632987004733,SL,-1.5000000000000044,-1.0000000000000029,1.5200000000000045,1.0158866329870075,1.5200000000000045,SL_OR_TP,0.0,1
643,2026-05-13T13:11:42.641370+00:00,BTCUSD,LONG,EarlyLossCut,-1.6800000000000002,-1.333227521625268,SL,-1.260099999999995,-0.9999999999999959,-0.41990000000000527,-0.33322752162527214,-0.41990000000000527,EARLY_LOSS_CUT_EARLY,0.0,1
646,2026-05-13T13:12:47.976990+00:00,XAGUSD,LONG,PeakGiveback,16.15,12.822752246959059,SL,6.299999999999976,4.199999999999984,9.850000000000023,8.622752246959074,9.850000000000023,PEAK_GIVEBACK_EARLY,6.01217285214901,2
647,2026-05-13T13:20:44.862805+00:00,XAGUSD,LONG,EarlyLossCut,-12.5,-9.965638478526042,SL,6.299999999999976,4.199999999999984,-18.799999999999976,-14.165638478526027,-18.799999999999976,EARLY_LOSS_CUT_EARLY,6.01217285214901,2
648,2026-05-13T13:31:40.710231+00:00,BTCUSD,LONG,EarlyLossCut,-1.9300000000000002,-1.5295973117129114,SL,-1.261769999999995,-0.9999999999999959,-0.6682300000000052,-0.5295973117129155,-0.6682300000000052,EARLY_LOSS_CUT_EARLY,0.0,1
649,2026-05-13T13:50:45.142411+00:00,XAUUSD,SHORT,[sl 4696.27],5.05,4.021981522777955,SL,-1.2556000000000034,-1.0000000000000029,6.305600000000004,5.021981522777958,6.305600000000004,SL_OR_TP,0.0,1
650,2026-05-13T13:54:03.908620+00:00,BTCUSD,LONG,EarlyLossCut,-1.45,-1.1535585291730974,SL,-1.2569799999999949,-0.9999999999999959,-0.19302000000000508,-0.15355852917310153,-0.19302000000000508,EARLY_LOSS_CUT_EARLY,0.0,1
654,2026-05-13T14:32:09.991719+00:00,XAGUSD,LONG,[sl 87.154],8.6,4.316480921992776,SL,-1.99236372299996,-0.9999999999999799,10.59236372299996,5.316480921992755,10.59236372299996,SL_OR_TP,0.0,1
656,2026-05-13T14:36:43.260919+00:00,JPN225ft,LONG,PeakGiveback,0.16,0.1276385276895831,SL,-1.2535399999999965,-0.9999999999999971,1.4135399999999965,1.1276385276895802,1.4135399999999965,PEAK_GIVEBACK_EARLY,0.0,1
659,2026-05-13T14:47:29.172231+00:00,XAGUSD,LONG,[sl 87.537],0.1,0.05028251909148608,SL,-1.98876273119996,-0.9999999999999799,2.08876273119996,1.050282519091466,2.08876273119996,SL_OR_TP,0.0,1
660,2026-05-13T14:51:03.009437+00:00,XAUUSD,SHORT,[sl 4702.23],0.02,0.016064127998971896,SL,-1.5000000000000728,-1.0000000000000486,1.5200000000000728,1.0160641279990206,1.5200000000000728,SL_OR_TP,0.0,1
661,2026-05-13T14:54:24.574932+00:00,XAGUSD,LONG,[sl 87.280],1.15,0.7266563346549181,SL,-1.582591309199968,-0.9999999999999799,2.732591309199968,1.726656334654898,2.732591309199968,SL_OR_TP,0.0,1
664,2026-05-13T15:42:59.832843+00:00,XAGUSD,LONG,[sl 86.260],2.8,1.7393300578013755,SL,-1.609815220199996,-0.9999999999999977,4.409815220199996,2.7393300578013733,4.409815220199996,SL_OR_TP,0.0,1
668,2026-05-13T16:34:57.469114+00:00,XAUUSD,SHORT,[sl 4683.84],1.19,0.9385598233299155,SL,0.6339499999999899,0.49999999999999206,0.55605000000001,0.43855982332992344,0.55605000000001,SL_OR_TP,1.5194772949411046,2
672,2026-05-13T17:00:46.947597+00:00,BTCUSD,SHORT,[sl 79604.40],0.09,0.07103169592120218,SL,-1.2670399999999964,-0.9999999999999972,1.3570399999999965,1.0710316959211994,1.3570399999999965,SL_OR_TP,0.0,1
673,2026-05-13T17:03:19.443960+00:00,XAGUSD,LONG,[sl 87.106],0.1,0.023057269032421668,SL,-5.131200000000024,-1.0000000000000047,5.231200000000023,1.0230572690324262,5.231200000000023,SL_OR_TP,0.0,1
674,2026-05-13T17:07:10.264826+00:00,XAUUSD,SHORT,[sl 4675.78],0.02,0.015784323010386084,SL,-1.5000000000000084,-1.0000000000000056,1.5200000000000085,1.0157843230103916,1.5200000000000085,SL_OR_TP,0.0,1
675,2026-05-13T17:38:42.491698+00:00,XAUUSD,SHORT,[sl 4685.81],1.33,0.6452481368799255,SL,1.0306112671871013,0.4999999999999521,0.2993887328128988,0.14524813687997346,0.2993887328128988,SL_OR_TP,2.3109225230673447,2
677,2026-05-13T17:51:00.694957+00:00,BTCUSD,SHORT,[sl 79701.66],0.08,0.06435990056395363,SL,0.6215050000000126,0.5000000000000102,-0.5415050000000127,-0.4356400994360566,-0.5415050000000127,SL_OR_TP,0.8164065879153757,2
681,2026-05-13T18:11:51.756261+00:00,XAGUSD,LONG,[sl 88.406],11.05,2.4837105629199216,SL,8.897977215999948,1.999999999999988,2.152022784000053,0.48371056291993364,2.152022784000053,SL_OR_TP,3.192057559310192,2
682,2026-05-13T18:19:06.980251+00:00,XAUUSD,SHORT,[sl 4686.50],0.02,0.01605561665609672,SL,-1.5000000000000606,-1.0000000000000404,1.5200000000000606,1.0160556166561372,1.5200000000000606,SL_OR_TP,0.0,1
685,2026-05-13T18:46:37.267194+00:00,BTCUSD,SHORT,[sl 79249.94],0.19,0.15462239583333334,SL,0.6144000000000059,0.5000000000000049,-0.42440000000000594,-0.3453776041666715,-0.42440000000000594,SL_OR_TP,0.9445847468769482,2
687,2026-05-13T18:50:21.899352+00:00,JPN225ft,LONG,PeakGiveback,0.48,0.39060274886684515,SL,0.8602090000000028,0.7000000000000023,-0.3802090000000028,-0.30939725113315714,-0.3802090000000028,PEAK_GIVEBACK_EARLY,1.3782462221382117,10
688,2026-05-13T19:01:40.574117+00:00,XAGUSD,LONG,[sl 88.871],3.3,0.7581422492616446,SL,-4.352745151999989,-0.9999999999999974,7.652745151999989,1.758142249261642,7.652745151999989,SL_OR_TP,0.0,1
689,2026-05-13T19:48:11.084106+00:00,XAGUSD,LONG,[sl 89.037],0.1,0.022995380467216088,SL,-5.3231999999999875,-0.9999999999999974,5.423199999999987,1.0229953804672136,5.423199999999987,SL_OR_TP,0.0,1
690,2026-05-13T20:22:54.161977+00:00,BTCUSD,SHORT,EarlyLossCut,-2.77,-2.25908527435245,SL,0.036784799999993706,0.029999999999994864,-2.8067847999999938,-2.289085274352445,-2.8067847999999938,EARLY_LOSS_CUT_EARLY,0.09869687512172684,3
691,2026-05-13T20:23:30.672693+00:00,XAUUSD,LONG,[sl 4700.24],0.55,0.25730005144817447,SL,-2.1375821610000427,-1.00000000000002,2.6875821610000425,1.2573000514481945,2.6875821610000425,SL_OR_TP,0.0,1
692,2026-05-13T20:54:39.620733+00:00,BTCUSD,SHORT,EarlyLossCut,-1.69,-1.3745536767277489,SL,0.036884699999993685,0.029999999999994864,-1.7268846999999936,-1.4045536767277438,-1.7268846999999936,EARLY_LOSS_CUT_EARLY,0.09869687512172684,3
693,2026-05-13T21:15:28.417366+00:00,XAUUSD,LONG,[sl 4693.24],1.28,0.5988464634848643,SL,1.0687213485000173,0.5000000000000082,0.2112786514999827,0.09884646348485604,0.2112786514999827,SL_OR_TP,1.7595152386965311,5
694,2026-05-13T21:21:04.608411+00:00,BTCUSD,SHORT,[sl 79788.14],-3.25,-2.6502054928566774,SL,1.7534472826931953e-07,1.4298448061624987e-07,-3.250000175344728,-2.650205635841158,-3.250000175344728,SL_OR_TP,0.050359131681114465,2
695,2026-05-13T21:37:35.019591+00:00,XAGUSD,LONG,EarlyLossCut,-33.4,-17.169054545763885,SL,2.2605344999999653,0.9499999999999855,-35.66053449999996,-18.11905454576387,-35.66053449999996,EARLY_LOSS_CUT_EARLY,1.4707593634186158,2
697,2026-05-13T23:07:18.780752+00:00,XAGUSD,LONG,[sl 87.525],0.1,0.051129179942424705,SL,-1.9558303127999577,-0.9999999999999784,2.0558303127999578,1.051129179942403,2.0558303127999578,SL_OR_TP,0.0,1
698,2026-05-14T00:17:46.053059+00:00,BTCUSD,SHORT,[sl 79418.17],0.07,0.056843096811914316,SL,0.4310110000000142,0.3500000000000115,-0.3610110000000142,-0.29315690318809723,-0.3610110000000142,SL_OR_TP,0.5039493249049997,2
699,2026-05-14T01:01:29.014995+00:00,XAGUSD,LONG,[sl 87.708],7.75,3.9628328640293042,SL,1.857888094859969,0.9499999999999843,5.892111905140031,3.01283286402932,5.892111905140031,SL_OR_TP,1.6262024571118139,2
700,2026-05-14T01:09:30.803801+00:00,BTCUSD,SHORT,[sl 79299.40],1.15,0.9341922486413595,SL,0.4308535000000058,0.3500000000000047,0.7191464999999941,0.5841922486413549,0.7191464999999941,SL_OR_TP,0.6807824793383502,2
701,2026-05-14T01:17:51.253685+00:00,XAUUSD,SHORT,EarlyLossCut,-8.32,-3.8749616711799075,SL,-2.147118012000045,-1.0000000000000209,-6.172881987999956,-2.8749616711798867,-6.172881987999956,EARLY_LOSS_CUT_EARLY,0.0,1
702,2026-05-14T03:14:45.750940+00:00,BTCUSD,SHORT,EarlyLossCut,-1.52,-1.2301317535851866,SL,0.21005879999999852,0.1699999999999988,-1.7300587999999986,-1.4001317535851854,-1.7300587999999986,EARLY_LOSS_CUT_EARLY,0.26952718141102433,3
703,2026-05-14T03:22:55.197768+00:00,BTCUSD,SHORT,[sl 79481.23],0.35,0.28332280991467934,SL,0.21000779999999852,0.1699999999999988,0.13999220000000145,0.11332280991468055,0.13999220000000145,SL_OR_TP,0.26952718141102433,3
704,2026-05-14T04:16:37.257982+00:00,BTCUSD,SHORT,[sl 79554.54],0.52,0.4216159241091337,SL,-1.2333500000000144,-1.0000000000000118,1.7533500000000144,1.4216159241091455,1.7533500000000144,SL_OR_TP,0.0,1
705,2026-05-14T06:08:27.923167+00:00,BTCUSD,SHORT,[sl 79207.83],1.5,1.2111914086156081,SL,-1.2384499999999876,-0.99999999999999,2.738449999999988,2.211191408615598,2.738449999999988,SL_OR_TP,0.0014080665836596732,2
706,2026-05-14T06:26:40.824340+00:00,BTCUSD,SHORT,EarlyLossCut,-1.73,-1.3978103664202317,SL,-1.2376499999999877,-0.99999999999999,-0.4923500000000123,-0.3978103664202417,-0.4923500000000123,EARLY_LOSS_CUT_EARLY,0.0014080665836596732,2
707,2026-05-14T06:32:32.790043+00:00,BTCUSD,SHORT,EarlyLossCut,-1.6099999999999999,-1.3011678183214126,SL,-1.2373499999999875,-0.99999999999999,-0.37265000000001236,-0.3011678183214226,-0.37265000000001236,EARLY_LOSS_CUT_EARLY,0.0014080665836596732,2
708,2026-05-14T06:41:09.954028+00:00,BTCUSD,SHORT,[sl 79214.74],1.5,1.212268153715602,SL,-1.2373499999999875,-0.99999999999999,2.7373499999999877,2.212268153715592,2.7373499999999877,SL_OR_TP,0.0014080665836596732,2
709,2026-05-14T06:57:18.898618+00:00,BTCUSD,SHORT,[sl 78956.58],0.15,0.12106928391554206,SL,-1.2389599999999876,-0.99999999999999,1.3889599999999875,1.121069283915532,1.3889599999999875,SL_OR_TP,0.0014080665836596732,2
716,2026-05-14T16:21:36.747644+00:00,XAUUSD,LONG,EarlyLossCut,-11.03,-8.549660305795879,SL,0.31704000000004423,0.20000000000002793,-11.347040000000044,-8.749660305795906,-11.347040000000044,EARLY_LOSS_CUT_EARLY,1.3395339849776609,2
718,2026-05-14T17:18:55.448690+00:00,XAUUSD,SHORT,EarlyLossCut,-15.72,-12.277941631890153,SL,1.4306704737401225e-05,9.025173314030549e-06,-15.720014306704739,-12.277950657063467,-15.720014306704739,EARLY_LOSS_CUT_EARLY,0.8267058738929938,2
720,2026-05-14T17:30:27.310438+00:00,XAUUSD,SHORT,[sl 4690.82],0.7,0.5469082486033385,SL,1.1551519539072498e-05,9.025173314030549e-06,0.6999884484804609,0.5468992234300245,0.6999884484804609,SL_OR_TP,0.8267058738929938,2
721,2026-05-14T17:31:48.473507+00:00,XAUUSD,SHORT,[sl 4691.32],0.7,0.5459615960130901,SL,1.157154892570486e-05,9.025173314030549e-06,0.6999884284510742,0.5459525708397761,0.6999884284510742,SL_OR_TP,0.8267058738929938,2
722,2026-05-14T17:44:11.008874+00:00,XAUUSD,SHORT,[sl 4687.83],0.7,0.5449733733172305,SL,1.1592532092653045e-05,9.025173314030549e-06,0.6999884074679072,0.5449643481439165,0.6999884074679072,SL_OR_TP,0.8267058738929938,2
723,2026-05-14T18:00:38.607101+00:00,BTCUSD,LONG,[sl 81089.49],0.61,0.5046535677352637,SL,0.3021874999999918,0.2499999999999932,0.3078125000000082,0.2546535677352705,0.3078125000000082,SL_OR_TP,0.37330561981459964,2
726,2026-05-14T18:27:13.058054+00:00,XAUUSD,SHORT,EarlyLossCut_T2-MARGINAL,-10.75,-8.579516562071161,SL,0.7925999999999884,0.4999999999999928,-11.542599999999988,-9.079516562071154,-11.542599999999988,EARLY_LOSS_CUT_EARLY,1.5597744094640111,2
727,2026-05-14T19:09:56.675497+00:00,BTCUSD,LONG,[sl 81111.89],0.62,0.5230566757217339,SL,0.41486900000000176,0.3500000000000015,0.20513099999999823,0.1730566757217324,0.20513099999999823,SL_OR_TP,0.5257317859273055,2
728,2026-05-14T19:09:56.705398+00:00,XAUUSD,SHORT,[sl 4685.51],0.7,0.5588075886504813,SL,4.449085989655945,3.551690019397541,-3.7490859896559448,-2.99288243074706,-3.7490859896559448,SL_OR_TP,4.25169001939752,5
733,2026-05-14T20:14:07.832547+00:00,BTCUSD,LONG,[sl 81796.69],1.99,1.6788998565763942,SL,0.2963250000000078,0.25000000000000655,1.6936749999999923,1.4288998565763875,1.6936749999999923,SL_OR_TP,0.38328492403731507,2
740,2026-05-15T03:41:44.129581+00:00,JPN225ft,LONG,[sl 62566.78],-3.11,-2.6307998138984052,SL,-1.182149999999999,-0.999999999999999,-1.927850000000001,-1.6307998138984061,-1.927850000000001,SL_OR_TP,0.0,1
741,2026-05-15T09:00:24.993491+00:00,XAUUSD,SHORT,[sl 4559.98],0.47,0.39217322374734026,SL,3.53629071027745,2.9507202722495305,-3.0662907102774497,-2.55854704850219,-3.0662907102774497,SL_OR_TP,3.6507202722495022,4
742,2026-05-15T09:39:27.893207+00:00,XAUUSD,SHORT,[sl 4574.56],1.9300000000000002,1.6112066518624883,SL,3.5345497853168224,2.9507202722495305,-1.6045497853168222,-1.3395136203870421,-1.6045497853168222,SL_OR_TP,3.6507202722495022,4
753,2026-05-15T20:35:51.064537+00:00,BTCUSD,SHORT,EarlyLossCut_T1-MARGINAL-SCALP,-3.58,-3.008858482795717,SL,0.03569460000000685,0.03000000000000576,-3.615694600000007,-3.038858482795723,-3.615694600000007,EARLY_LOSS_CUT_EARLY,0.11039405969902706,3
754,2026-05-16T12:13:49.926887+00:00,BTCUSD,SHORT,[sl 78331.32],0.31,0.2346338823006268,SL,0.6606036540000023,0.5000000000000017,-0.3506036540000023,-0.2653661176993749,-0.3506036540000023,SL_OR_TP,0.7798905623896616,2
755,2026-05-16T13:32:23.847391+00:00,BTCUSD,SHORT,PeakGiveback,1.9300000000000002,1.460785138194225,SL,0.15854487696000155,0.12000000000000115,1.7714551230399986,1.3407851381942237,1.7714551230399986,PEAK_GIVEBACK_EARLY,0.18168445631306454,2
756,2026-05-17T05:11:16.110936+00:00,BTCUSD,SHORT,EarlyLossCut_T1-MARGINAL-SCALP,-1.81,-1.5230690261614452,SL,-1.1883900000000187,-1.0000000000000158,-0.6216099999999813,-0.5230690261614295,-0.6216099999999813,EARLY_LOSS_CUT_EARLY,0.02747115458714605,3
757,2026-05-17T06:39:37.970423+00:00,BTCUSD,SHORT,EarlyLossCut_T1-MARGINAL-SCALP,-1.58,-1.3295298681409302,SL,-1.1883900000000103,-1.0000000000000087,-0.3916099999999898,-0.32952986814092156,-0.3916099999999898,EARLY_LOSS_CUT_EARLY,0.0,2
758,2026-05-18T01:02:21.156687+00:00,JPN225ft,SHORT,PeakGiveback,0.95,0.7989033999646799,SL,1.3674995000000092,1.1500000000000075,-0.41749950000000924,-0.3510966000353276,-0.41749950000000924,PEAK_GIVEBACK_EARLY,1.9203955269895334,2
761,2026-05-18T03:03:02.945860+00:00,BTCUSD,SHORT,[sl 77358.98],0.88,0.7401986760537318,SL,0.4161045000000132,0.35000000000001114,0.4638954999999868,0.39019867605372066,0.4638954999999868,SL_OR_TP,0.5632574952223737,2
763,2026-05-18T04:08:14.766073+00:00,BTCUSD,SHORT,[sl 77160.06],0.36,0.3031476834464523,SL,0.20188180000001218,0.17000000000001025,0.1581181999999878,0.13314768344644207,0.1581181999999878,SL_OR_TP,0.34007622069437526,2
765,2026-05-18T07:26:49.044614+00:00,BTCUSD,SHORT,[sl 76839.88],0.9,0.7535921224503467,SL,0.03582839999999572,0.02999999999999642,0.8641716000000043,0.7235921224503503,0.8641716000000043,SL_OR_TP,0.1119170421670589,2
766,2026-05-18T09:07:33.481837+00:00,BTCUSD,SHORT,[sl 76820.82],0.81,0.681433871469794,SL,0.20207390000001024,0.1700000000000086,0.6079260999999898,0.5114338714697854,0.6079260999999898,SL_OR_TP,0.315243526714303,2
767,2026-05-18T10:11:34.417672+00:00,BTCUSD,SHORT,[sl 76909.89],0.33,0.277404169468729,SL,0.035687999999992455,0.029999999999993657,0.29431200000000757,0.24740416946873534,0.29431200000000757,SL_OR_TP,0.1152861572944901,2
771,2026-05-18T14:40:24.682366+00:00,BTCUSD,SHORT,[sl 77222.30],-4.08,-1.6026500395357741,SL,-2.5457834832000126,-1.000000000000005,-1.5342165167999875,-0.602650039535769,-1.5342165167999875,SL_OR_TP,0.0,1
773,2026-05-18T14:41:59.911173+00:00,JPN225ft,SHORT,EarlyLossCut_T1-MARGINAL-SCALP,-4.88,-4.001082259955561,SL,-1.2196700000000074,-1.000000000000006,-3.6603299999999925,-3.001082259955555,-3.6603299999999925,EARLY_LOSS_CUT_EARLY,0.0,1
774,2026-05-18T15:46:18.227044+00:00,BTCUSD,SHORT,[sl 77337.62],0.0,0.0,SL,-3.1319100000000235,-1.0000000000000075,3.1319100000000235,1.0000000000000075,3.1319100000000235,SL_OR_TP,0.0,1
777,2026-05-18T17:00:39.725873+00:00,BTCUSD,SHORT,[sl 76893.44],0.18,0.14800927524791552,SL,0.4256489999999983,0.34999999999999853,-0.24564899999999829,-0.20199072475208302,-0.24564899999999829,SL_OR_TP,0.648972264855055,2
782,2026-05-18T19:24:50.556305+00:00,BTCUSD,SHORT,[sl 76487.93],0.44,0.3621130945032878,SL,0.30377249999999156,0.24999999999999306,0.13622750000000844,0.11211309450329476,0.13622750000000844,SL_OR_TP,0.39285368141712856,2
784,2026-05-18T20:39:32.193954+00:00,BTCUSD,SHORT,[sl 76606.39],0.19,0.1563142739613328,SL,0.850850000000006,0.700000000000005,-0.6608500000000059,-0.5436857260386722,-0.6608500000000059,SL_OR_TP,1.1920916979778766,2
785,2026-05-18T21:26:12.782856+00:00,BTCUSD,SHORT,[sl 76215.75],1.01,0.8308039056009343,SL,0.850982999999988,0.6999999999999901,0.15901700000001195,0.13080390560094424,0.15901700000001195,SL_OR_TP,1.0420253762117122,2
786,2026-05-18T22:01:48.097234+00:00,USDJPY,LONG,[sl 158.865],-1.4,-0.8296598639100212,SL,-1.68743850449996,-0.9999999999999762,0.2874385044999601,0.17034013608995502,0.2874385044999601,SL_OR_TP,0.0,1
789,2026-05-18T22:15:05.710922+00:00,BTCUSD,SHORT,[sl 76651.33],0.0,0.0,SL,0.1049999999999986,0.06999999999999906,-0.1049999999999986,-0.06999999999999906,-0.1049999999999986,SL_OR_TP,0.15256898666113825,2
790,2026-05-18T23:06:53.432254+00:00,BTCUSD,SHORT,[sl 76941.10],0.46,0.37838593720438596,SL,0.20666730000000236,0.17000000000000193,0.25333269999999763,0.20838593720438403,0.25333269999999763,SL_OR_TP,0.2673204049726283,2
794,2026-05-19T05:50:02.715370+00:00,BTCUSD,SHORT,[sl 76744.57],0.0,0.0,SL,0.25500000000000433,0.1700000000000029,-0.25500000000000433,-0.1700000000000029,-0.25500000000000433,SL_OR_TP,0.31936204904812404,2
795,2026-05-19T07:01:20.622471+00:00,BTCUSD,SHORT,[sl 76776.30],0.17,0.13915605942782303,SL,0.20768050000000923,0.17000000000000753,-0.03768050000000922,-0.03084394057218451,-0.03768050000000922,SL_OR_TP,0.270783524368332,2
802,2026-05-19T17:00:53.406317+00:00,XAUUSD,SHORT,[sl 4498.99],1.3599999999999999,0.7457664284642546,SL,-1.8236272753664104,-1.0000000000000058,3.18362727536641,1.7457664284642602,3.18362727536641,SL_OR_TP,0.0,1
803,2026-05-19T17:20:43.447293+00:00,XAUUSD,SHORT,[sl 4492.41],2.32,1.2727510728627256,SL,-1.8228230558720102,-1.0000000000000058,4.14282305587201,2.2727510728627314,4.14282305587201,SL_OR_TP,0.0,1
806,2026-05-19T19:03:26.800705+00:00,JPN225ft,SHORT,PeakGiveback,2.08,1.69734952343648,SL,3.1814922527410825e-07,2.5962040187533313e-07,2.079999681850775,1.697349263816078,2.079999681850775,PEAK_GIVEBACK_EARLY,0.46731673518101335,3
809,2026-05-19T19:32:50.628963+00:00,BTCUSD,SHORT,EarlyLossCut_T1-MARGINAL-SCALP,-3.4699999999999998,-2.817175842108254,SL,0.20939410000000938,0.17000000000000762,-3.679394100000009,-2.9871758421082615,-3.679394100000009,EARLY_LOSS_CUT_EARLY,0.32219838694712843,2
810,2026-05-19T20:31:29.854966+00:00,BTCUSD,SHORT,[sl 76870.81],0.95,0.7649261242401062,SL,0.3104874999999865,0.2499999999999891,0.6395125000000135,0.5149261242401171,0.6395125000000135,SL_OR_TP,0.3683591466271789,2
811,2026-05-19T23:01:44.316777+00:00,XAUUSD,SHORT,[sl 4482.70],0.42,0.24657843034283278,SL,-1.7033120026599813,-1.0000000000000124,2.1233120026599814,1.2465784303428453,2.1233120026599814,SL_OR_TP,0.650868793666468,2
822,2026-05-20T16:41:02.769817+00:00,JPN225ft,SHORT,[sl 60524.29],-4.44,-3.544004725339634,SL,-1.2528200000000118,-1.0000000000000093,-3.1871799999999886,-2.5440047253396245,-3.1871799999999886,SL_OR_TP,0.0,1
830,2026-05-21T11:21:20.347897+00:00,JPN225ft,LONG,PeakGiveback,1.04,0.8418326048243484,SL,1.420709999999999,1.1499999999999992,-0.380709999999999,-0.30816739517565084,-0.380709999999999,PEAK_GIVEBACK_EARLY,1.6034896371294265,2
832,2026-05-21T13:31:15.676230+00:00,BTCUSD,SHORT,[sl 77298.90],0.3,0.24252223120452707,SL,0.1484400000000061,0.12000000000000492,0.1515599999999939,0.12252223120452214,0.1515599999999939,SL_OR_TP,0.23551259274910047,2
836,2026-05-21T15:02:25.517863+00:00,BTCUSD,SHORT,[sl 77210.27],0.0,0.0,SL,0.3750000000000183,0.2500000000000122,-0.3750000000000183,-0.2500000000000122,-0.3750000000000183,SL_OR_TP,0.47326862622011706,2
837,2026-05-21T15:50:19.048914+00:00,USDJPY,LONG,EarlyLossCut_T1-MARGINAL-SCALP,-0.34,-0.2483501968595314,SL,0.0006191261280735782,0.0004522355758469194,-0.3406191261280736,-0.24880243243537833,-0.3406191261280736,EARLY_LOSS_CUT_EARLY,0.6059956716146924,2
838,2026-05-21T16:00:15.726495+00:00,XAUUSD,SHORT,[sl 4501.49],0.9,0.5371317226171,SL,-1.6755666479999796,-0.9999999999999878,2.5755666479999797,1.5371317226170877,2.5755666479999797,SL_OR_TP,0.0,1
839,2026-05-21T16:16:05.133151+00:00,BTCUSD,SHORT,[sl 77236.96],0.29,0.2355750875283299,SL,0.6155150000000137,0.5000000000000111,-0.3255150000000137,-0.2644249124716812,-0.3255150000000137,SL_OR_TP,0.8885613270549091,2
840,2026-05-21T16:41:48.226399+00:00,JPN225ft,SHORT,EarlyLossCut_T1-MARGINAL-SCALP,-1.38,-1.1221245558256965,SL,-1.2298099999999876,-0.9999999999999899,-0.15019000000001226,-0.12212455582570658,-0.15019000000001226,EARLY_LOSS_CUT_EARLY,0.0,1
841,2026-05-21T17:16:15.745073+00:00,BTCUSD,SHORT,[sl 76992.33],0.36,0.29289247591772977,SL,0.4301919999999903,0.3499999999999921,-0.07019199999999032,-0.05710752408226233,-0.07019199999999032,SL_OR_TP,0.6716436364029374,2
842,2026-05-21T17:16:16.504428+00:00,BTCUSD,SHORT,[sl 76992.33],0.33,0.2684847695912523,SL,0.4301919999999903,0.3499999999999921,-0.10019199999999029,-0.08151523040873981,-0.10019199999999029,SL_OR_TP,0.6716436364029374,2
846,2026-05-21T17:49:12.424863+00:00,BTCUSD,SHORT,[sl 76939.56],0.14,0.11390355623174495,SL,0.43018849999999026,0.3499999999999921,-0.29018849999999025,-0.23609644376824715,-0.29018849999999025,SL_OR_TP,0.6716436364029374,2
847,2026-05-21T17:53:19.105569+00:00,USDJPY,LONG,EarlyLossCut_T1-MARGINAL-SCALP,-0.49,-0.35867066739640774,SL,-1.3661557649999836,-0.999999999999988,0.8761557649999836,0.6413293326035803,0.8761557649999836,EARLY_LOSS_CUT_EARLY,0.16496491236573027,3
852,2026-05-21T19:20:26.682171+00:00,BTCUSD,SHORT,[sl 77205.32],0.73,0.5920807176342725,SL,-1.232939999999988,-0.99999999999999,1.962939999999988,1.5920807176342624,1.962939999999988,SL_OR_TP,0.0,1
